Source_dataset3,Site_dataset3,Catgeorie_dataset3,Lien_Categorie_dataset3,Categorie 1_dataset3,Lien_Categorie1_dataset3,Categorie 2_dataset3,Categorie 3_dataset3,Lien_Produit_dataset3,Nom_Produit_dataset3,Description_Produit_dataset3,Prix_Produit_dataset3,Prix_Produit_Avant_Promos_dataset3,Promo_Produit_dataset3,Poids/Quantite_dataset3,Reference_Produit_dataset3,Vendu par MG_dataset3,combined_dataset3
Founa,https://index.founa.com/,eau-plate,https://alimentation.founa.com/rayons/boissons/eau-plate,alimentation,https://alimentation.founa.com,boissons,eau-plate,https://alimentation.founa.com/eau-plate/eau-minerale-jannet,Eau minerale Jannet, 2L,0.850 TND,none,NON,2L,SKU: 89,OUI,nom_produit : eau minérale jannet description_produit :  2l categorie 1: alimentation categorie 2 : boissons
Founa,https://index.founa.com/,eau-plate,https://alimentation.founa.com/rayons/boissons/eau-plate,alimentation,https://alimentation.founa.com,boissons,eau-plate,https://alimentation.founa.com/eau-plate/cup-eau-minerale-delice,Cup Eau minerale Delice, 250ml,0.300 TND,none,NON,250ml,SKU: 10002507,NON,nom_produit : cup eau minérale délice description_produit :  250.0ml categorie 1: alimentation categorie 2 : boissons
Founa,https://index.founa.com/,eau-plate,https://alimentation.founa.com/rayons/boissons/eau-plate,alimentation,https://alimentation.founa.com,boissons,eau-plate,https://alimentation.founa.com/eau-plate/eau-minerale-marwa-0,Eau minerale Marwa, 1.5L,0.630 TND,none,NON,1.5L,SKU: 92,OUI,nom_produit : eau minérale marwa description_produit :  1.5l categorie 1: alimentation categorie 2 : boissons
Founa,https://index.founa.com/,eau-plate,https://alimentation.founa.com/rayons/boissons/eau-plate,alimentation,https://alimentation.founa.com,boissons,eau-plate,https://alimentation.founa.com/eau-plate/eau-minerale-cristaline-2,Eau minerale Cristaline, 1.5L,0.630 TND,none,NON,1.5L,SKU: 6822,OUI,nom_produit : eau minérale cristaline description_produit :  1.5l categorie 1: alimentation categorie 2 : boissons
Founa,https://index.founa.com/,eau-plate,https://alimentation.founa.com/rayons/boissons/eau-plate,alimentation,https://alimentation.founa.com,boissons,eau-plate,https://alimentation.founa.com/eau-plate/eau-de-source-naturelle-delice,Eau de source naturelle Delice," 0,5L",0.350 TND,none,NON,"0,5L",SKU: 10002341,OUI,"nom_produit : eau de source naturelle délice description_produit :  0,5l categorie 1: alimentation categorie 2 : boissons"
Founa,https://index.founa.com/,eau-plate,https://alimentation.founa.com/rayons/boissons/eau-plate,alimentation,https://alimentation.founa.com,boissons,eau-plate,https://alimentation.founa.com/eau-plate/eau-minerale-safia-0,Eau minerale Safia, 1.5L,0.680 TND,none,NON,1.5L,SKU: 84,OUI,nom_produit : eau minérale safia description_produit :  1.5l categorie 1: alimentation categorie 2 : boissons
Founa,https://index.founa.com/,eau-plate,https://alimentation.founa.com/rayons/boissons/eau-plate,alimentation,https://alimentation.founa.com,boissons,eau-plate,https://alimentation.founa.com/boissons-eau-plate/eau-minerale-sabrine,Eau minerale Sabrine., 1.5L,0.650 TND,none,NON,1.5L,SKU: 82,NON,nom_produit : eau minérale sabrine. description_produit :  1.5l categorie 1: alimentation categorie 2 : boissons
Founa,https://index.founa.com/,eau-plate,https://alimentation.founa.com/rayons/boissons/eau-plate,alimentation,https://alimentation.founa.com,boissons,eau-plate,https://alimentation.founa.com/glacons-eau-plate-jus-et-nectars-boissons-gazeuses/glacon-alimentaire-purifie,Glacon Alimentaire Purifie,"Les glacons sont fabriques a base d’eau potable filtree par osmose inverse.Ils ont un aspect cristallin, durent plus longtemps et n'ont aucun arriere gout.Leur forme cylindrique avec un petit trou au centre assurent une plus grande transparence.A conserver entre -10°C et -18°C 2kg",2.500 TND,none,NON,2kg,SKU: 49886,NON,"nom_produit : glaçon alimentaire purifié description_produit : les glaçons sont fabriqués à base d’eau potable filtrée par osmose inverse.ils ont un aspect cristallin, durent plus longtemps et n'ont aucun arrière goût.leur forme cylindrique avec un petit trou au centre assurent une plus grande transparence.a conserver entre -10°c et -18°c 2000.0g categorie 1: alimentation categorie 2 : boissons"
Founa,https://index.founa.com/,lait,https://alimentation.founa.com/rayons/boissons/lait,alimentation,https://alimentation.founa.com,boissons,lait,https://alimentation.founa.com/lait-concentre-sucre-lait-lait/lait-concentre-sucre-vanoise,Lait Concentre Sucre Vanoise, 395g,8.890 TND,none,NON,395g,SKU: 11000649,OUI,nom_produit : lait concentré sucré vanoise description_produit :  395.0g categorie 1: alimentation categorie 2 : boissons
Founa,https://index.founa.com/,lait,https://alimentation.founa.com/rayons/boissons/lait,alimentation,https://alimentation.founa.com,boissons,lait,https://alimentation.founa.com/lait-lait/lait-demi-ecreme-enrichi-en-zinc-et-vitamine-d3-delice-plus,Lait demi-ecreme enrichi en Zinc et Vitamine D3 Delice Plus, 1L,2.350 TND,none,NON,1L,SKU: 12003402,OUI,nom_produit : lait demi-écrémé enrichi en zinc et vitamine d3 délice plus description_produit :  1l categorie 1: alimentation categorie 2 : boissons
Founa,https://index.founa.com/,lait,https://alimentation.founa.com/rayons/boissons/lait,alimentation,https://alimentation.founa.com,boissons,lait,https://alimentation.founa.com/lait-lait/boisson-lactee-sterilisee-gout-chocolat-wakeup-delice,Boisson lactee sterilisee gout chocolat WakeUp Delice, 450g,1.540 TND,none,NON,450g,SKU: 12003085,OUI,nom_produit : boisson lactée stérilisée goût chocolat wakeup délice description_produit :  450.0g categorie 1: alimentation categorie 2 : boissons
Founa,https://index.founa.com/,lait,https://alimentation.founa.com/rayons/boissons/lait,alimentation,https://alimentation.founa.com,boissons,lait,https://alimentation.founa.com/lait-lait/lait-demi-ecreme-enrichi-en-fer-et-10-vitamines-delice-delisso,Lait demi-ecreme enrichi en Fer et 10 Vitamines Delice Delisso, Brique de 1L,2.350 TND,none,NON,Brique de 1L,SKU: 171,OUI,nom_produit : lait demi-écrémé enrichi en fer et 10 vitamines délice délisso description_produit :  brique de 1l categorie 1: alimentation categorie 2 : boissons
Founa,https://index.founa.com/,lait,https://alimentation.founa.com/rayons/boissons/lait,alimentation,https://alimentation.founa.com,boissons,lait,https://alimentation.founa.com/lait-lait/lait-ecreme-0-delice,Lait ecreme 0% Delice, Brique de 1L,2.350 TND,none,NON,Brique de 1L,SKU: 12000246,OUI,nom_produit : lait écrémé 0% délice description_produit :  brique de 1l categorie 1: alimentation categorie 2 : boissons
Founa,https://index.founa.com/,lait,https://alimentation.founa.com/rayons/boissons/lait,alimentation,https://alimentation.founa.com,boissons,lait,https://alimentation.founa.com/lait-lait/boisson-lactee-gout-vanille-enrichie-en-fer-et-10-vitamines-delisso-delice,Boisson lactee gout Vanille enrichie en Fer et 10 Vitamines Delisso Delice, 20cl,0.850 TND,none,NON,20cl,SKU: 12779,OUI,nom_produit : boisson lactée goût vanille enrichie en fer et 10 vitamines délisso délice description_produit :  200.0ml categorie 1: alimentation categorie 2 : boissons
Founa,https://index.founa.com/,lait,https://alimentation.founa.com/rayons/boissons/lait,alimentation,https://alimentation.founa.com,boissons,lait,https://alimentation.founa.com/lait-lait/lait-demi-ecreme-sans-lactose-delice,Lait demi-ecreme sans lactose Delice, 1L,2.590 TND,none,NON,1L,SKU: 12003600,NON,nom_produit : lait demi-écrémé sans lactose délice description_produit :  1l categorie 1: alimentation categorie 2 : boissons
Founa,https://index.founa.com/,lait,https://alimentation.founa.com/rayons/boissons/lait,alimentation,https://alimentation.founa.com,boissons,lait,https://alimentation.founa.com/lait-lait/boisson-lactee-gout-vanille-delisso-delice,Boisson lactee gout vanille Delisso Delice, 100ml,0.530 TND,none,NON,100ml,SKU: 12002951,OUI,nom_produit : boisson lactée goût vanille délisso délice description_produit :  100.0ml categorie 1: alimentation categorie 2 : boissons
Founa,https://index.founa.com/,lait,https://alimentation.founa.com/rayons/boissons/lait,alimentation,https://alimentation.founa.com,boissons,lait,https://alimentation.founa.com/lait-lait/lait-demi-ecreme-delice,Lait demi-ecreme Delice., Brique de 1L,1.350 TND,none,NON,Brique de 1L,SKU: 168,OUI,nom_produit : lait demi-écrémé délice. description_produit :  brique de 1l categorie 1: alimentation categorie 2 : boissons
Founa,https://index.founa.com/,lait,https://alimentation.founa.com/rayons/boissons/lait,alimentation,https://alimentation.founa.com,boissons,lait,https://alimentation.founa.com/lait-concentre-sucre-lait-lait/lait-concentre-sucre-nestle-0,Lait Concentre Sucre Nestle, Boite de 370g,8.880 TND,none,NON,Boîte de 370g,SKU: 175,OUI,nom_produit : lait concentré sucré nestlé description_produit :  boîte de 370.0g categorie 1: alimentation categorie 2 : boissons
Founa,https://index.founa.com/,lait,https://alimentation.founa.com/rayons/boissons/lait,alimentation,https://alimentation.founa.com,boissons,lait,https://alimentation.founa.com/lait-lait/lait-entier-natilait,Lait entier Natilait, 1L,2.490 TND,none,NON,1L,SKU: 12003364,OUI,nom_produit : lait entier natilait description_produit :  1l categorie 1: alimentation categorie 2 : boissons
Founa,https://index.founa.com/,lait,https://alimentation.founa.com/rayons/boissons/lait,alimentation,https://alimentation.founa.com,boissons,lait,https://alimentation.founa.com/lait-concentre-sucre-lait-lait/lait-concentre-non-sucre-milcow,Lait Concentre non sucre Milcow,"Description : Lait concentre non sucre qui contient minimum 8% de matiere grasse. Le lait concentre Milcow est consomme a partir du pur lait de vache frais. Mode d’emploi :On peut le consommer dans le cafe, le the ou le chocolat ainsi qu’avec des cereales et des fruits.On peut aussi le consommer directement en le diluant avec une quantite d’eau equivalente.Pays de fabrication : Allemagne Nom du producteur : Hochwald Foods GmbHPoids net : 384ml/410g 410g",8.230 TND,none,NON,410g,SKU: 11000648,OUI,"nom_produit : lait concentré non sucré milcow description_produit : description : lait concentré non sucré qui contient minimum 8% de matière grasse. le lait concentré milcow est consommé à partir du pur lait de vache frais. mode d’emploi :on peut le consommer dans le café, le thé ou le chocolat ainsi qu’avec des céréales et des fruits.on peut aussi le consommer directement en le diluant avec une quantité d’eau équivalente.pays de fabrication : allemagne nom du producteur : hochwald foods gmbhpoids net : 384.0ml/410.0g 410.0g categorie 1: alimentation categorie 2 : boissons"
Founa,https://index.founa.com/,boisson-vegetale,https://alimentation.founa.com/rayons/boisson-vegetale,alimentation,https://alimentation.founa.com,boisson-vegetale,boisson-vegetale,https://alimentation.founa.com/boisson-vegetale/boisson-vegetale-riz-amande-sans-sucre-ajoute-lovege,Boisson vegetale riz amande sans sucre ajoute Lovege, 1L,12.930 TND,none,NON,1L,SKU: 15001959,OUI,nom_produit : boisson végétale riz amande sans sucre ajouté lovege description_produit :  1l categorie 1: alimentation categorie 2 : boisson-vegetale
Founa,https://index.founa.com/,boisson-vegetale,https://alimentation.founa.com/rayons/boisson-vegetale,alimentation,https://alimentation.founa.com,boisson-vegetale,boisson-vegetale,https://alimentation.founa.com/boisson-vegetale/boisson-vegetale-amande-avoine-sans-sucre-ajoute-lovege,Boisson vegetale amande avoine sans sucre ajoute Lovege, 1L,13.790 TND,none,NON,1L,SKU: 15001960,OUI,nom_produit : boisson végétale amande avoine sans sucre ajouté lovege description_produit :  1l categorie 1: alimentation categorie 2 : boisson-vegetale
Founa,https://index.founa.com/,boisson-vegetale,https://alimentation.founa.com/rayons/boisson-vegetale,alimentation,https://alimentation.founa.com,boisson-vegetale,boisson-vegetale,https://alimentation.founa.com/boisson-vegetale/boisson-vegetale-riz-sans-sucre-ajoute-lovege,Boisson vegetale Riz sans sucre ajoute Lovege, 1L,10.790 TND,none,NON,1L,SKU: 15001962,OUI,nom_produit : boisson végétale riz sans sucre ajouté lovege description_produit :  1l categorie 1: alimentation categorie 2 : boisson-vegetale
Founa,https://index.founa.com/,jus-et-nectars,https://alimentation.founa.com/rayons/boissons/jus-et-nectars,alimentation,https://alimentation.founa.com,boissons,jus-et-nectars,https://alimentation.founa.com/jus-et-nectars-jus-et-nectars/boisson-au-jus-d039ananas-stil,Boisson au jus d'Ananas Stil, 1L,3.020 TND,none,NON,1L,SKU: 19070,OUI,nom_produit : boisson au jus d'ananas stil description_produit :  1l categorie 1: alimentation categorie 2 : boissons
Founa,https://index.founa.com/,jus-et-nectars,https://alimentation.founa.com/rayons/boissons/jus-et-nectars,alimentation,https://alimentation.founa.com,boissons,jus-et-nectars,https://alimentation.founa.com/jus-et-nectars-jus-et-nectars/boisson-au-jus-d039orange-stil-0,Boisson au jus d'Orange Stil, 1L,3.020 TND,none,NON,1L,SKU: 19069,OUI,nom_produit : boisson au jus d'orange stil description_produit :  1l categorie 1: alimentation categorie 2 : boissons
Founa,https://index.founa.com/,jus-et-nectars,https://alimentation.founa.com/rayons/boissons/jus-et-nectars,alimentation,https://alimentation.founa.com,boissons,jus-et-nectars,https://alimentation.founa.com/jus-et-nectars-jus-et-nectars/boisson-au-jus-de-fruits-cocktail-stil,Boisson au jus de fruits Cocktail Stil, 2L,4.400 TND,none,NON,2L,SKU: 19073,NON,nom_produit : boisson au jus de fruits cocktail stil description_produit :  2l categorie 1: alimentation categorie 2 : boissons
Founa,https://index.founa.com/,jus-et-nectars,https://alimentation.founa.com/rayons/boissons/jus-et-nectars,alimentation,https://alimentation.founa.com,boissons,jus-et-nectars,https://alimentation.founa.com/jus-et-nectars-jus-et-nectars/boisson-au-jus-fruzzy-orange-delice-de-fruits-0,Boisson au jus Fruzzy Orange Delice de Fruits, 190ml,0.790 TND,none,NON,190ml,SKU: 10002119,OUI,nom_produit : boisson au jus fruzzy orange délice de fruits description_produit :  190.0ml categorie 1: alimentation categorie 2 : boissons
Founa,https://index.founa.com/,jus-et-nectars,https://alimentation.founa.com/rayons/boissons/jus-et-nectars,alimentation,https://alimentation.founa.com,boissons,jus-et-nectars,https://alimentation.founa.com/jus-et-nectars-jus-et-nectars/boisson-au-jus-d039orange-stil,Boisson au jus d'Orange Stil, 2L,4.400 TND,none,NON,2L,SKU: 19074,OUI,nom_produit : boisson au jus d'orange stil description_produit :  2l categorie 1: alimentation categorie 2 : boissons
Founa,https://index.founa.com/,jus-et-nectars,https://alimentation.founa.com/rayons/boissons/jus-et-nectars,alimentation,https://alimentation.founa.com,boissons,jus-et-nectars,https://alimentation.founa.com/jus-et-nectars-jus-et-nectars/boisson-au-jus-fruzzy-orange-delice-de-fruits,Boisson au jus Fruzzy Orange Delice de Fruits, 125ml,0.550 TND,none,NON,125ml,SKU: 28354,OUI,nom_produit : boisson au jus fruzzy orange délice de fruits description_produit :  125.0ml categorie 1: alimentation categorie 2 : boissons
Founa,https://index.founa.com/,jus-et-nectars,https://alimentation.founa.com/rayons/boissons/jus-et-nectars,alimentation,https://alimentation.founa.com,boissons,jus-et-nectars,https://alimentation.founa.com/jus-et-nectars-jus-et-nectars/boisson-au-jus-de-grenade-la-fruitiere,Boisson au jus de Grenade La fruitiere, 250ml,3.520 TND,none,NON,250ml,SKU: 10002459,NON,nom_produit : boisson au jus de grenade la fruitière description_produit :  250.0ml categorie 1: alimentation categorie 2 : boissons
Founa,https://index.founa.com/,jus-et-nectars,https://alimentation.founa.com/rayons/boissons/jus-et-nectars,alimentation,https://alimentation.founa.com,boissons,jus-et-nectars,https://alimentation.founa.com/jus-et-nectars-jus-et-nectars/boisson-au-jus-de-citron-et-menthe-mojito-delice-de-fruit,Boisson au jus de Citron et Menthe Mojito Delice de fruit, 1L,3.120 TND,none,NON,1L,SKU: 10001940,OUI,nom_produit : boisson au jus de citron et menthe mojito délice de fruit description_produit :  1l categorie 1: alimentation categorie 2 : boissons
Founa,https://index.founa.com/,jus-et-nectars,https://alimentation.founa.com/rayons/boissons/jus-et-nectars,alimentation,https://alimentation.founa.com,boissons,jus-et-nectars,https://alimentation.founa.com/jus-et-nectars-jus-et-nectars/boisson-au-jus-de-fruits-cocktail-stil-0,Boisson au jus de fruits Cocktail Stil, 1L,3.020 TND,none,NON,1L,SKU: 19072,OUI,nom_produit : boisson au jus de fruits cocktail stil description_produit :  1l categorie 1: alimentation categorie 2 : boissons
Founa,https://index.founa.com/,jus-et-nectars,https://alimentation.founa.com/rayons/boissons/jus-et-nectars,alimentation,https://alimentation.founa.com,boissons,jus-et-nectars,https://alimentation.founa.com/jus-et-nectars-jus-et-nectars/boisson-au-jus-energy-cocktail-stil,Boisson au jus Energy Cocktail Stil, 0.25L,1.150 TND,none,NON,0.25L,SKU: 19066,OUI,nom_produit : boisson au jus energy cocktail stil description_produit :  0.25l categorie 1: alimentation categorie 2 : boissons
Founa,https://index.founa.com/,jus-et-nectars,https://alimentation.founa.com/rayons/boissons/jus-et-nectars,alimentation,https://alimentation.founa.com,boissons,jus-et-nectars,https://alimentation.founa.com/jus-et-nectars-jus-et-nectars/boisson-au-jus-de-poire-delice,Boisson au jus de Poire Delice, Brique de 1L,3.120 TND,none,NON,Brique de 1L,SKU: 71,OUI,nom_produit : boisson au jus de poire délice description_produit :  brique de 1l categorie 1: alimentation categorie 2 : boissons
Founa,https://index.founa.com/,jus-et-nectars,https://alimentation.founa.com/rayons/boissons/jus-et-nectars,alimentation,https://alimentation.founa.com,boissons,jus-et-nectars,https://alimentation.founa.com/jus-et-nectars-jus-et-nectars/boisson-au-jus-de-mangue-stil,Boisson au jus de Mangue Stil, 1L,3.020 TND,none,NON,1L,SKU: 19071,OUI,nom_produit : boisson au jus de mangue stil description_produit :  1l categorie 1: alimentation categorie 2 : boissons
Founa,https://index.founa.com/,jus-et-nectars,https://alimentation.founa.com/rayons/boissons/jus-et-nectars,alimentation,https://alimentation.founa.com,boissons,jus-et-nectars,https://alimentation.founa.com/jus-et-nectars-jus-et-nectars/boisson-au-jus-mangue-energy-fruits-stil,Boisson au Jus Mangue Energy Fruits Stil, 25cl,1.150 TND,none,NON,25cl,SKU: 10002198,OUI,nom_produit : boisson au jus mangue energy fruits stil description_produit :  250.0ml categorie 1: alimentation categorie 2 : boissons
Founa,https://index.founa.com/,jus-et-nectars,https://alimentation.founa.com/rayons/boissons/jus-et-nectars,alimentation,https://alimentation.founa.com,boissons,jus-et-nectars,https://alimentation.founa.com/jus-et-nectars-jus-et-nectars/boisson-au-jus-tropical-bnino-stil,Boisson au jus Tropical Bnino Stil, 0.25L,1.150 TND,none,NON,0.25L,SKU: 19067,OUI,nom_produit : boisson au jus tropical bnino stil description_produit :  0.25l categorie 1: alimentation categorie 2 : boissons
Founa,https://index.founa.com/,jus-et-nectars,https://alimentation.founa.com/rayons/boissons/jus-et-nectars,alimentation,https://alimentation.founa.com,boissons,jus-et-nectars,https://alimentation.founa.com/jus-et-nectars-jus-et-nectars/boisson-au-jus-fruzzy-tropical-delice-de-fruits,Boisson au jus Fruzzy Tropical Delice de Fruits, 125ml,0.550 TND,none,NON,125ml,SKU: 28353,OUI,nom_produit : boisson au jus fruzzy tropical délice de fruits description_produit :  125.0ml categorie 1: alimentation categorie 2 : boissons
Founa,https://index.founa.com/,jus-et-nectars,https://alimentation.founa.com/rayons/boissons/jus-et-nectars,alimentation,https://alimentation.founa.com,boissons,jus-et-nectars,https://alimentation.founa.com/jus-et-nectars-jus-et-nectars/boisson-au-jus-orange-la-fruitiere,Boisson au jus Orange La Fruitiere, 250ml,3.170 TND,none,NON,250ml,SKU: 10002348,OUI,nom_produit : boisson au jus orange la fruitière description_produit :  250.0ml categorie 1: alimentation categorie 2 : boissons
Founa,https://index.founa.com/,jus-et-nectars,https://alimentation.founa.com/rayons/boissons/jus-et-nectars,alimentation,https://alimentation.founa.com,boissons,jus-et-nectars,https://alimentation.founa.com/jus-et-nectars-yaourts-jus-et-nectars/deli-shake-boisson-lactee-gout-chocolat-milkshake-delice,Deli Shake Boisson lactee gout chocolat Milkshake Delice, 200g,1.090 TND,none,NON,200g,SKU: 12003044,OUI,nom_produit : déli shake boisson lactée goût chocolat milkshake délice description_produit :  200.0g categorie 1: alimentation categorie 2 : boissons
Founa,https://index.founa.com/,jus-et-nectars,https://alimentation.founa.com/rayons/boissons/jus-et-nectars,alimentation,https://alimentation.founa.com,boissons,jus-et-nectars,https://alimentation.founa.com/jus-et-nectars-jus-et-nectars/boisson-au-jus-orange-delice-de-fruits-0,Boisson au jus Orange Delice de fruits, Brique de 1L,3.120 TND,none,NON,Brique de 1L,SKU: 70,OUI,nom_produit : boisson au jus orange délice de fruits description_produit :  brique de 1l categorie 1: alimentation categorie 2 : boissons
Founa,https://index.founa.com/,jus-et-nectars,https://alimentation.founa.com/rayons/boissons/jus-et-nectars,alimentation,https://alimentation.founa.com,boissons,jus-et-nectars,https://alimentation.founa.com/jus-et-nectars-jus-et-nectars/boisson-au-jus-peche-la-fruitiere,Boisson au jus Peche La Fruitiere, 250ml,3.170 TND,none,NON,250ml,SKU: 10002349,OUI,nom_produit : boisson au jus pêche la fruitière description_produit :  250.0ml categorie 1: alimentation categorie 2 : boissons
Founa,https://index.founa.com/,jus-et-nectars,https://alimentation.founa.com/rayons/boissons/jus-et-nectars,alimentation,https://alimentation.founa.com,boissons,jus-et-nectars,https://alimentation.founa.com/jus-et-nectars-jus-et-nectars/boisson-lactee-pomme-kiwi-mangue-danao-delice-danone,Boisson lactee Pomme Kiwi Mangue Danao Delice Danone, 250g,1.130 TND,none,NON,250g,SKU: 12003603,OUI,nom_produit : boisson lactée pomme kiwi mangue danao délice danone description_produit :  250.0g categorie 1: alimentation categorie 2 : boissons
Founa,https://index.founa.com/,jus-et-nectars,https://alimentation.founa.com/rayons/boissons/jus-et-nectars,alimentation,https://alimentation.founa.com,boissons,jus-et-nectars,https://alimentation.founa.com/jus-et-nectars-jus-et-nectars/boisson-au-jus-tropical-la-fruitiere,Boisson au jus Tropical La Fruitiere, 250ml,2.780 TND,none,NON,250ml,SKU: 10002347,OUI,nom_produit : boisson au jus tropical la fruitière description_produit :  250.0ml categorie 1: alimentation categorie 2 : boissons
Founa,https://index.founa.com/,jus-et-nectars,https://alimentation.founa.com/rayons/boissons/jus-et-nectars,alimentation,https://alimentation.founa.com,boissons,jus-et-nectars,https://alimentation.founa.com/jus-et-nectars-jus-et-nectars/boisson-au-jus-fruzzy-tropical-delice,Boisson au jus Fruzzy Tropical Delice, 190ml,0.790 TND,none,NON,190ml,SKU: 66,OUI,nom_produit : boisson au jus fruzzy tropical délice description_produit :  190.0ml categorie 1: alimentation categorie 2 : boissons
Founa,https://index.founa.com/,jus-et-nectars,https://alimentation.founa.com/rayons/boissons/jus-et-nectars,alimentation,https://alimentation.founa.com,boissons,jus-et-nectars,https://alimentation.founa.com/jus-et-nectars-jus-et-nectars/boisson-au-jus-peche-delice-de-fruits,Boisson au jus Peche Delice de fruits, Brique de 1L,3.120 TND,none,NON,Brique de 1L,SKU: 3390,OUI,nom_produit : boisson au jus pêche délice de fruits description_produit :  brique de 1l categorie 1: alimentation categorie 2 : boissons
Founa,https://index.founa.com/,jus-et-nectars,https://alimentation.founa.com/rayons/boissons/jus-et-nectars,alimentation,https://alimentation.founa.com,boissons,jus-et-nectars,https://alimentation.founa.com/jus-et-nectars-yaourts-jus-et-nectars/deli-shake-boisson-lactee-gout-banane-milkshake-delice,Deli Shake Boisson lactee gout Banane Milkshake Delice, 220g,1.090 TND,none,NON,220g,SKU: 12003046,OUI,nom_produit : déli shake boisson lactée goût banane milkshake délice description_produit :  220.0g categorie 1: alimentation categorie 2 : boissons
Founa,https://index.founa.com/,jus-et-nectars,https://alimentation.founa.com/rayons/boissons/jus-et-nectars,alimentation,https://alimentation.founa.com,boissons,jus-et-nectars,https://alimentation.founa.com/boissons-jus-et-nectars-jus-et-nectars/jus-100-naturel-peche-sans-sucre-ajoute-jus-natura,Jus 100% Naturel Peche sans sucre ajoute Jus Natura, 75cl,8.750 TND,none,NON,75cl,SKU: 28392,OUI,nom_produit : jus 100% naturel pêche sans sucre ajouté jus natura description_produit :  750.0ml categorie 1: alimentation categorie 2 : boissons
Founa,https://index.founa.com/,jus-et-nectars,https://alimentation.founa.com/rayons/boissons/jus-et-nectars,alimentation,https://alimentation.founa.com,boissons,jus-et-nectars,https://alimentation.founa.com/jus-et-nectars-jus-et-nectars/jus-oh-banane-et-orange,Jus Oh Banane et orange, 25cl,1.190 TND,none,NON,25cl,SKU: 79,NON,nom_produit : jus oh banane et orange description_produit :  250.0ml categorie 1: alimentation categorie 2 : boissons
Founa,https://index.founa.com/,jus-et-nectars,https://alimentation.founa.com/rayons/boissons/jus-et-nectars,alimentation,https://alimentation.founa.com,boissons,jus-et-nectars,https://alimentation.founa.com/jus-et-nectars-jus-et-nectars/nectar-delice-multi-vitamine-5-fruits-6-vitamines,Nectar Delice Multi-vitamine 5 fruits 6 vitamines, Brique de 1L,3.120 TND,none,NON,Brique de 1L,SKU: 69,OUI,nom_produit : nectar délice multi-vitaminé 5 fruits 6 vitamines description_produit :  brique de 1l categorie 1: alimentation categorie 2 : boissons
Founa,https://index.founa.com/,jus-et-nectars,https://alimentation.founa.com/rayons/boissons/jus-et-nectars,alimentation,https://alimentation.founa.com,boissons,jus-et-nectars,https://alimentation.founa.com/jus-et-nectars-jus-et-nectars/nectar-mangue-delice-de-fruit,Nectar Mangue Delice de fruit, Brique de 1L,3.120 TND,none,NON,Brique de 1L,SKU: 3041,OUI,nom_produit : nectar mangue délice de fruit description_produit :  brique de 1l categorie 1: alimentation categorie 2 : boissons
Founa,https://index.founa.com/,jus-et-nectars,https://alimentation.founa.com/rayons/boissons/jus-et-nectars,alimentation,https://alimentation.founa.com,boissons,jus-et-nectars,https://alimentation.founa.com/jus-et-nectars-jus-et-nectars/jus-oh-poire,Jus Oh! Poire, 25cl,1.190 TND,none,NON,25cl,SKU: 80,OUI,nom_produit : jus oh! poire description_produit :  250.0ml categorie 1: alimentation categorie 2 : boissons
Founa,https://index.founa.com/,jus-et-nectars,https://alimentation.founa.com/rayons/boissons/jus-et-nectars,alimentation,https://alimentation.founa.com,boissons,jus-et-nectars,https://alimentation.founa.com/jus-et-nectars-jus-et-nectars/nectar-de-poire-oh-1l,Nectar de Poire Oh! 1L, Brique de 1L,3.750 TND,none,NON,Brique de 1L,SKU: 971,OUI,nom_produit : nectar de poire oh! 1l description_produit :  brique de 1l categorie 1: alimentation categorie 2 : boissons
Founa,https://index.founa.com/,jus-et-nectars,https://alimentation.founa.com/rayons/boissons/jus-et-nectars,alimentation,https://alimentation.founa.com,boissons,jus-et-nectars,https://alimentation.founa.com/jus-et-nectars-jus-et-nectars/jus-de-peche-plate-100-naturel-natura,Jus de peche plate 100% naturel Natura, 25cl,3.350 TND,none,NON,25cl,SKU: 11009700,OUI,nom_produit : jus de pêche plate 100% naturel natura description_produit :  250.0ml categorie 1: alimentation categorie 2 : boissons
Founa,https://index.founa.com/,jus-et-nectars,https://alimentation.founa.com/rayons/boissons/jus-et-nectars,alimentation,https://alimentation.founa.com,boissons,jus-et-nectars,https://alimentation.founa.com/yaourts-jus-et-nectars/lot-de-6-danao-peche-abricot-delice-danone,Lot de 6 Danao Peche Abricot Delice Danone, 6x 20cl =120 cl,5.870 TND,none,NON,6x 20cl =120 cl,SKU: 12002328,OUI,nom_produit : lot de 6 danao pêche abricot délice danone description_produit :  6x 200.0ml =1200.0ml categorie 1: alimentation categorie 2 : boissons
Founa,https://index.founa.com/,jus-et-nectars,https://alimentation.founa.com/rayons/boissons/jus-et-nectars,alimentation,https://alimentation.founa.com,boissons,jus-et-nectars,https://alimentation.founa.com/jus-et-nectars-jus-et-nectars/smoothie-multi-yumy,Smoothie Multi YUMY,"Produit Tunisien:Regulierement disponible en comptant sur une main d’œuvre locale.Produit Eco-friendly:La nature nous offre ses plus beaux fruits. En retour, nous nous engagions a limiter toujours plus d’impact de notre production sur l’environnement.Gamme sans conservateur:On utilise toujours la methode de conservation thermique pour conserver le gout et le produit sans effet nefaste sur la sante.Gamme sans additifs:On presente une gamme saine sans colorants ni aromes ni coagulants artificielsValeur nutritionnelles par 100grEnergie Kcal / 49,3 gMatiere grasse/ 0 gGlucides dont sucres / 12gProteines/ 0gFibres / 1gIngredientsfruits (abricot,peche,pomme),eau,sucre,jus de citron 250ml",2.850 TND,none,NON,250ml,SKU: 52606,NON,"nom_produit : smoothie multi yumy description_produit : produit tunisien:régulièrement disponible en comptant sur une main d’œuvre locale.produit eco-friendly:la nature nous offre ses plus beaux fruits. en retour, nous nous engagions à limiter toujours plus d’impact de notre production sur l’environnement.gamme sans conservateur:on utilise toujours la méthode de conservation thermique pour conserver le goût et le produit sans effet néfaste sur la santé.gamme sans additifs:on présente une gamme saine sans colorants ni arômes ni coagulants artificielsvaleur nutritionnelles par 100grenergie kcal / 49,3 gmatière grasse/ 0 gglucides dont sucres / 12gprotéines/ 0gfibres / 1gingrédientsfruits (abricot,pêche,pomme),eau,sucre,jus de citron 250.0ml categorie 1: alimentation categorie 2 : boissons"
Founa,https://index.founa.com/,jus-et-nectars,https://alimentation.founa.com/rayons/boissons/jus-et-nectars,alimentation,https://alimentation.founa.com,boissons,jus-et-nectars,https://alimentation.founa.com/jus-et-nectars-jus-et-nectars/nectar-tropical-delice,Nectar Tropical Delice, Brique de 1L,3.120 TND,none,NON,Brique de 1L,SKU: 1857,OUI,nom_produit : nectar tropical délice description_produit :  brique de 1l categorie 1: alimentation categorie 2 : boissons
Founa,https://index.founa.com/,jus-et-nectars,https://alimentation.founa.com/rayons/boissons/jus-et-nectars,alimentation,https://alimentation.founa.com,boissons,jus-et-nectars,https://alimentation.founa.com/glacons-eau-plate-jus-et-nectars-boissons-gazeuses/glacon-alimentaire-purifie,Glacon Alimentaire Purifie,"Les glacons sont fabriques a base d’eau potable filtree par osmose inverse.Ils ont un aspect cristallin, durent plus longtemps et n'ont aucun arriere gout.Leur forme cylindrique avec un petit trou au centre assurent une plus grande transparence.A conserver entre -10°C et -18°C 2kg",2.500 TND,none,NON,2kg,SKU: 49886,NON,"nom_produit : glaçon alimentaire purifié description_produit : les glaçons sont fabriqués à base d’eau potable filtrée par osmose inverse.ils ont un aspect cristallin, durent plus longtemps et n'ont aucun arrière goût.leur forme cylindrique avec un petit trou au centre assurent une plus grande transparence.a conserver entre -10°c et -18°c 2000.0g categorie 1: alimentation categorie 2 : boissons"
Founa,https://index.founa.com/,jus-et-nectars,https://alimentation.founa.com/rayons/boissons/jus-et-nectars,alimentation,https://alimentation.founa.com,boissons,jus-et-nectars,https://alimentation.founa.com/jus-et-nectars-jus-et-nectars/smoothie-energie-yumy,Smoothie Energie YUMY,"Produit Tunisien:Regulierement disponible en comptant sur une main d’œuvre locale.Produit Eco-friendly:La nature nous offre ses plus beaux fruits. En retour, nous nous engagions a limiter toujours plus d’impact de notre production sur l’environnement.Gamme sans conservateur:On utilise toujours la methode de conservation thermique pour conserver le gout et le produit sans effet nefaste sur la sante.Gamme sans additifs:On presente une gamme saine sans colorants ni aromes ni coagulants artificielsValeur nutritionnelles par 100grEnergie Kcal / 51,3 gMatiere grasse/ 0 gGlucides dont sucres / 12gProteines/ 0gFibres / 1gIngredientsfruits(orange, banane, pomme),eau,sucre,jus de citron 250ml",2.850 TND,none,NON,250ml,SKU: 52608,NON,"nom_produit : smoothie energie yumy description_produit : produit tunisien:régulièrement disponible en comptant sur une main d’œuvre locale.produit eco-friendly:la nature nous offre ses plus beaux fruits. en retour, nous nous engagions à limiter toujours plus d’impact de notre production sur l’environnement.gamme sans conservateur:on utilise toujours la méthode de conservation thermique pour conserver le goût et le produit sans effet néfaste sur la santé.gamme sans additifs:on présente une gamme saine sans colorants ni arômes ni coagulants artificielsvaleur nutritionnelles par 100grenergie kcal / 51,3 gmatière grasse/ 0 gglucides dont sucres / 12gprotéines/ 0gfibres / 1gingrédientsfruits(orange, banane, pomme),eau,sucre,jus de citron 250.0ml categorie 1: alimentation categorie 2 : boissons"
Founa,https://index.founa.com/,jus-et-nectars,https://alimentation.founa.com/rayons/boissons/jus-et-nectars,alimentation,https://alimentation.founa.com,boissons,jus-et-nectars,https://alimentation.founa.com/jus-et-nectars-jus-et-nectars/boisson-au-jus-ananas-stil,Boisson au Jus Ananas Stil, 20cl,0.880 TND,none,NON,20cl,SKU: 7800,OUI,nom_produit : boisson au jus ananas stil description_produit :  200.0ml categorie 1: alimentation categorie 2 : boissons
Founa,https://index.founa.com/,jus-et-nectars,https://alimentation.founa.com/rayons/boissons/jus-et-nectars,alimentation,https://alimentation.founa.com,boissons,jus-et-nectars,https://alimentation.founa.com/jus-et-nectars-jus-et-nectars/nectar-d039ananas-diva,Nectar d'ananas Diva, Brique de 1L,3.350 TND,none,NON,Brique de 1L,SKU: 3079,OUI,nom_produit : nectar d'ananas diva description_produit :  brique de 1l categorie 1: alimentation categorie 2 : boissons
Founa,https://index.founa.com/,jus-et-nectars,https://alimentation.founa.com/rayons/boissons/jus-et-nectars,alimentation,https://alimentation.founa.com,boissons,jus-et-nectars,https://alimentation.founa.com/jus-et-nectars-jus-et-nectars/cocktail-fruits-blancs-delice-de-fruits,Cocktail Fruits Blancs Delice de fruits, Brique de 1L,3.120 TND,none,NON,Brique de 1L,SKU: 11495,OUI,nom_produit : cocktail fruits blancs délice de fruits description_produit :  brique de 1l categorie 1: alimentation categorie 2 : boissons
Founa,https://index.founa.com/,jus-et-nectars,https://alimentation.founa.com/rayons/boissons/jus-et-nectars,alimentation,https://alimentation.founa.com,boissons,jus-et-nectars,https://alimentation.founa.com/jus-et-nectars-jus-et-nectars/tropico-cocktail-de-fruits-multi-vitamine-1,Tropico Cocktail de fruits multi-vitamine, 20cl,0.890 TND,none,NON,20cl,SKU: 54,OUI,nom_produit : tropico cocktail de fruits multi-vitaminé description_produit :  200.0ml categorie 1: alimentation categorie 2 : boissons
Founa,https://index.founa.com/,jus-et-nectars,https://alimentation.founa.com/rayons/boissons/jus-et-nectars,alimentation,https://alimentation.founa.com,boissons,jus-et-nectars,https://alimentation.founa.com/jus-et-nectars-jus-et-nectars/boisson-au-jus-orange-delice-de-fruits,Boisson au jus Orange Delice de Fruits, 20cl,0.870 TND,none,NON,20cl,SKU: 10074,OUI,nom_produit : boisson au jus orange délice de fruits description_produit :  200.0ml categorie 1: alimentation categorie 2 : boissons
Founa,https://index.founa.com/,jus-et-nectars,https://alimentation.founa.com/rayons/boissons/jus-et-nectars,alimentation,https://alimentation.founa.com,boissons,jus-et-nectars,https://alimentation.founa.com/jus-et-nectars-jus-et-nectars/boisson-au-jus-poire-delice-de-fruits,Boisson au jus Poire Delice de Fruits, 20cl,0.870 TND,none,NON,20cl,SKU: 8151,OUI,nom_produit : boisson au jus poire délice de fruits description_produit :  200.0ml categorie 1: alimentation categorie 2 : boissons
Founa,https://index.founa.com/,jus-et-nectars,https://alimentation.founa.com/rayons/boissons/jus-et-nectars,alimentation,https://alimentation.founa.com,boissons,jus-et-nectars,https://alimentation.founa.com/jus-et-nectars-jus-et-nectars/smoothie-vert-yumy,Smoothie vert YUMY,"Produit Tunisien:regulierement disponible en comptant sur une main d’œuvre locale.Produit Eco-friendly:la nature nous offre ses plus beaux fruits. En retour, nous nous engagions a limiter toujours plus d’impact de notre production sur l’environnement.Gamme sans conservateur:On utilise toujours la methode de conservation thermique pour conserver le gout et le produit sans effet nefaste sur la sante.Gamme sans additifs:on presente une gamme saine sans colorants ni aromes ni coagulants artificielsValeur nutritionnelles par 100grEnergie Kcal / 51,3 gMatiere grasse/ 0 gGlucides dont sucres / 12gProteines/ 0gFibres / 1gIngredientsFruits (kiwi, pomme, jus de citron), herbes (menthe, epinard), eau, sucre 250ml",2.850 TND,none,NON,250ml,SKU: 52605,NON,"nom_produit : smoothie vert yumy description_produit : produit tunisien:régulièrement disponible en comptant sur une main d’œuvre locale.produit eco-friendly:la nature nous offre ses plus beaux fruits. en retour, nous nous engagions à limiter toujours plus d’impact de notre production sur l’environnement.gamme sans conservateur:on utilise toujours la méthode de conservation thermique pour conserver le goût et le produit sans effet néfaste sur la santé.gamme sans additifs:on présente une gamme saine sans colorants ni arômes ni coagulants artificielsvaleur nutritionnelles par 100grenergie kcal / 51,3 gmatière grasse/ 0 gglucides dont sucres / 12gprotéines/ 0gfibres / 1gingrédientsfruits (kiwi, pomme, jus de citron), herbes (menthe, épinard), eau, sucre 250.0ml categorie 1: alimentation categorie 2 : boissons"
Founa,https://index.founa.com/,jus-et-nectars,https://alimentation.founa.com/rayons/boissons/jus-et-nectars,alimentation,https://alimentation.founa.com,boissons,jus-et-nectars,https://alimentation.founa.com/jus-et-nectars-jus-et-nectars/boisson-au-jus-mangue-stil,Boisson au Jus Mangue Stil, 20cl,0.880 TND,none,NON,20cl,SKU: 7799,OUI,nom_produit : boisson au jus mangue stil description_produit :  200.0ml categorie 1: alimentation categorie 2 : boissons
Founa,https://index.founa.com/,jus-et-nectars,https://alimentation.founa.com/rayons/boissons/jus-et-nectars,alimentation,https://alimentation.founa.com,boissons,jus-et-nectars,https://alimentation.founa.com/jus-et-nectars-jus-et-nectars/danao-delice-danone-peche-abricot,Danao Delice Danone peche abricot, 20cl,0.980 TND,none,NON,20cl,SKU: 1111,OUI,nom_produit : danao délice danone pèche abricot description_produit :  200.0ml categorie 1: alimentation categorie 2 : boissons
Founa,https://index.founa.com/,jus-et-nectars,https://alimentation.founa.com/rayons/boissons/jus-et-nectars,alimentation,https://alimentation.founa.com,boissons,jus-et-nectars,https://alimentation.founa.com/jus-et-nectars-jus-et-nectars/smoothie-rouge-yumy,Smoothie Rouge Yumy,"Produit Tunisien:Regulierement disponible en comptant sur une main d’œuvre locale.Produit Eco-friendly:La nature nous offre ses plus beaux fruits. En retour, nous nous engagions a limiter toujours plus d’impact de notre production sur l’environnement.Gamme sans conservateur:On utilise toujours la methode de conservation thermique pour conserver le gout et le produit sans effet nefaste sur la sante.Gamme sans additifs:On presente une gamme saine sans colorants ni aromes ni coagulants artificielsValeur nutritionnelles par 100grEnergie Kcal / 51,3 gMatiere grasse/ 0 gGlucides dont sucres / 12gProteines/ 0gFibres / 1gIngredientsFruits (fraise, pomme),eau, sucre, jus de citron 250ml",2.850 TND,none,NON,250ml,SKU: 52607,NON,"nom_produit : smoothie rouge yumy description_produit : produit tunisien:régulièrement disponible en comptant sur une main d’œuvre locale.produit eco-friendly:la nature nous offre ses plus beaux fruits. en retour, nous nous engagions à limiter toujours plus d’impact de notre production sur l’environnement.gamme sans conservateur:on utilise toujours la méthode de conservation thermique pour conserver le goût et le produit sans effet néfaste sur la santé.gamme sans additifs:on présente une gamme saine sans colorants ni arômes ni coagulants artificielsvaleur nutritionnelles par 100grenergie kcal / 51,3 gmatière grasse/ 0 gglucides dont sucres / 12gprotéines/ 0gfibres / 1gingrédientsfruits (fraise, pomme),eau, sucre, jus de citron 250.0ml categorie 1: alimentation categorie 2 : boissons"
Founa,https://index.founa.com/,jus-et-nectars,https://alimentation.founa.com/rayons/boissons/jus-et-nectars,alimentation,https://alimentation.founa.com,boissons,jus-et-nectars,https://alimentation.founa.com/jus-et-nectars-jus-et-nectars/boisson-au-jus-orange-stil,Boisson au Jus Orange Stil, 20cl,0.880 TND,none,NON,20cl,SKU: 7802,OUI,nom_produit : boisson au jus orange stil description_produit :  200.0ml categorie 1: alimentation categorie 2 : boissons
Founa,https://index.founa.com/,jus-et-nectars,https://alimentation.founa.com/rayons/boissons/jus-et-nectars,alimentation,https://alimentation.founa.com,boissons,jus-et-nectars,https://alimentation.founa.com/jus-et-nectars-jus-et-nectars/boisson-au-jus-d039orange-diva,Boisson au jus d'Orange Diva, Brique de 1L,3.350 TND,none,NON,Brique de 1L,SKU: 62,OUI,nom_produit : boisson au jus d'orange diva description_produit :  brique de 1l categorie 1: alimentation categorie 2 : boissons
Founa,https://index.founa.com/,jus-frais,https://alimentation.founa.com/rayons/boissons/jus-frais,alimentation,https://alimentation.founa.com,boissons,jus-frais,https://alimentation.founa.com/jus-et-nectars-jus-frais/dark-ruby-pure-juice-0,The Dark Ruby Pure Juice,Fraise et Cassis Fraise - Cassis 1L,12.000 TND,none,NON,Fraise - Cassis 1L,SKU: 48089,NON,nom_produit : the dark ruby pure juice description_produit : fraise et cassis fraise - cassis 1l categorie 1: alimentation categorie 2 : boissons
Founa,https://index.founa.com/,jus-frais,https://alimentation.founa.com/rayons/boissons/jus-frais,alimentation,https://alimentation.founa.com,boissons,jus-frais,https://alimentation.founa.com/boissons-jus-et-nectars-jus-frais/le-kiwane-pure-juice,Le Kiwane Pure Juice,"Composition:Kiwi, Banane, eau de source naturelle, sucreDescription:Quand le Kiwi epouse la Banane, ca donne notre Kiwane: une recette avec teneur elevee en vitamine C et de beta-carotene qui vous fera demarrer votre journee avec plein d’energie. Kiwi et Banane - 1L",14.000 TND,none,NON,Kiwi et Banane - 1L,SKU: 40018,NON,"nom_produit : le kiwane pure juice description_produit : composition:kiwi, banane, eau de source naturelle, sucredescription:quand le kiwi épouse la banane, ça donne notre kiwane: une recette avec teneur élevée en vitamine c et de bêta-carotène qui vous fera démarrer votre journée avec plein d’énergie. kiwi et banane - 1l categorie 1: alimentation categorie 2 : boissons"
Founa,https://index.founa.com/,jus-frais,https://alimentation.founa.com/rayons/boissons/jus-frais,alimentation,https://alimentation.founa.com,boissons,jus-frais,https://alimentation.founa.com/jus-et-nectars-jus-frais/la-mangua-pure-juice-0,La Mangua Pure Juice, Mangue 1L,17.000 TND,none,NON,Mangue 1L,SKU: 44935,NON,nom_produit : la mangua pure juice description_produit :  mangue 1l categorie 1: alimentation categorie 2 : boissons
Founa,https://index.founa.com/,jus-frais,https://alimentation.founa.com/rayons/boissons/jus-frais,alimentation,https://alimentation.founa.com,boissons,jus-frais,https://alimentation.founa.com/jus-et-nectars-jus-frais/la-wonderful-pure-juice-0,La Wonderful Pure Juice,Composition: Grenade Wonderful Grenade Wonderful - 1L,10.000 TND,none,NON,Grenade Wonderful - 1L,SKU: 45966,NON,nom_produit : la wonderful pure juice description_produit : composition: grenade wonderful grenade wonderful - 1l categorie 1: alimentation categorie 2 : boissons
Founa,https://index.founa.com/,jus-frais,https://alimentation.founa.com/rayons/boissons/jus-frais,alimentation,https://alimentation.founa.com,boissons,jus-frais,https://alimentation.founa.com/jus-et-nectars-jus-frais/le-kiwado-pure-juice-0,Le Kiwado Pure Juice,"Composition: Kiwi, Avocat Kiwi, Avocat - 1L",14.000 TND,none,NON,"Kiwi, Avocat - 1L",SKU: 45220,NON,"nom_produit : le kiwado pure juice description_produit : composition: kiwi, avocat kiwi, avocat - 1l categorie 1: alimentation categorie 2 : boissons"
Founa,https://index.founa.com/,jus-frais,https://alimentation.founa.com/rayons/boissons/jus-frais,alimentation,https://alimentation.founa.com,boissons,jus-frais,https://alimentation.founa.com/boissons-jus-et-nectars-jus-frais/les-trois-maltaises-pure-juice-0,Les Trois Maltaises Pure Juice,"Composition:Maltaise Blonde, Maltaise Douce, Maltaise DemiSanguine, eau de source naturelleDescription:Contrairement a leur nom, elles sont bien Tunisiennes nos Trois Maltaises. Leur association permet de profiter du meilleur de chacune d’elle. La demi-sanguine, a des qualites organoleptiques qui ne sont surpassees par aucune autre variete, la blonde, appelee ainsi car elle n’est pas sanguine, confere au melange une douceur naturelle consolide par la saveur unique de la douce ou Miski qui se distingue par son manque total d’acidite. Le Trio magique vous offre une boisson des plus agreables qui rengorge de vitamines et d’antioxydants et booste votre energie pour la journee. Maltaise Blonde, Maltaise Douce et Maltaise Demi-Sanguine - 1L",8.400 TND,none,NON,"Maltaise Blonde, Maltaise Douce et Maltaise Demi-Sanguine - 1L",SKU: 40002,NON,"nom_produit : les trois maltaises pure juice description_produit : composition:maltaise blonde, maltaise douce, maltaise demisanguine, eau de source naturelledescription:contrairement à leur nom, elles sont bien tunisiennes nos trois maltaises. leur association permet de profiter du meilleur de chacune d’elle. la demi-sanguine, a des qualités organoleptiques qui ne sont surpassées par aucune autre variété, la blonde, appelée ainsi car elle n’est pas sanguine, confère au mélange une douceur naturelle consolidé par la saveur unique de la douce ou miski qui se distingue par son manque total d’acidité. le trio magique vous offre une boisson des plus agréables qui rengorge de vitamines et d’antioxydants et booste votre énergie pour la journée. maltaise blonde, maltaise douce et maltaise demi-sanguine - 1l categorie 1: alimentation categorie 2 : boissons"
Founa,https://index.founa.com/,jus-frais,https://alimentation.founa.com/rayons/boissons/jus-frais,alimentation,https://alimentation.founa.com,boissons,jus-frais,https://alimentation.founa.com/boissons-jus-et-nectars-jus-frais/la-camarosa-pure-juice,La Camarosa Pure Juice,"Composition:Fraise Camarosa, eau de source naturelle, sucreDescription:Avec notre recette composee essentiellement de la Fraise Camarosa, vous ne gouterez plus jamais la Fraise comme avant. Naturellement sucree et riche en fibres, en Vitamine C et Antioxydants ce jus stimulera votre systeme immunitaire pour mieux vous aider a demarrer votre journee. Fraise Camarosa - 1L",8.000 TND,none,NON,Fraise Camarosa - 1L,SKU: 40024,NON,"nom_produit : la camarosa pure juice description_produit : composition:fraise camarosa, eau de source naturelle, sucredescription:avec notre recette composée essentiellement de la fraise camarosa, vous ne goûterez plus jamais la fraise comme avant. naturellement sucrée et riche en fibres, en vitamine c et antioxydants ce jus stimulera votre système immunitaire pour mieux vous aider à démarrer votre journée. fraise camarosa - 1l categorie 1: alimentation categorie 2 : boissons"
Founa,https://index.founa.com/,jus-frais,https://alimentation.founa.com/rayons/boissons/jus-frais,alimentation,https://alimentation.founa.com,boissons,jus-frais,https://alimentation.founa.com/boissons-jus-et-nectars-jus-frais/bloody-berry-pure-juice-0,The Bloody Berry Pure Juice,CompositionCassis Cassis - 1L,17.000 TND,none,NON,Cassis - 1L,SKU: 40798,NON,nom_produit : the bloody berry pure juice description_produit : compositioncassis cassis - 1l categorie 1: alimentation categorie 2 : boissons
Founa,https://index.founa.com/,jus-frais,https://alimentation.founa.com/rayons/boissons/jus-frais,alimentation,https://alimentation.founa.com,boissons,jus-frais,https://alimentation.founa.com/boissons-jus-et-nectars-jus-frais/pomelo-star-ruby-pure-juice-0,Pomelo Star Ruby Pure Juice,"Composition:Pomelo Star Ruby, eau de source naturelleDescription:Avec un nom de « star » comment peut-on ne pas etre « lumineux »? Le jus du « Pomelo Star Ruby » est a la hauteur de son nom, doux, legerement rose avec une force nutritionnelle exceptionnelle conferee par la nature du fruit qui le compose exclusivement. Le Pomelo detient le record de la richesse en eau parmi les agrumes, le classant parmi les moins caloriques de sa categorie permettant de le consommer en quantite normale et en toute securite.Tres riche en vitamine C qui lui confere un puissant pouvoir d’antioxydant fortement accentue par la presence de la naringine et les limonoides. La naringine qui joue un role d’antioxydant donne son gout au Pomelo, les limonoides agissent de la meme maniere que la naringine mais commencent a interesser les scientifiques pour leur nombreux bienfaits sur la sante. Pomelo Star Ruby - 1L",8.900 TND,none,NON,Pomelo Star Ruby - 1L,SKU: 40014,NON,"nom_produit : pomelo star ruby pure juice description_produit : composition:pomelo star ruby, eau de source naturelledescription:avec un nom de « star » comment peut-on ne pas être « lumineux »? le jus du « pomelo star ruby » est à la hauteur de son nom, doux, légèrement rosé avec une force nutritionnelle exceptionnelle conférée par la nature du fruit qui le compose exclusivement. le pomelo détient le record de la richesse en eau parmi les agrumes, le classant parmi les moins caloriques de sa catégorie permettant de le consommer en quantité normale et en toute sécurité.très riche en vitamine c qui lui confère un puissant pouvoir d’antioxydant fortement accentué par la présence de la naringine et les limonoïdes. la naringine qui joue un rôle d’antioxydant donne son goût au pomelo, les limonoïdes agissent de la même manière que la naringine mais commencent à intéresser les scientifiques pour leur nombreux bienfaits sur la santé. pomelo star ruby - 1l categorie 1: alimentation categorie 2 : boissons"
Founa,https://index.founa.com/,jus-frais,https://alimentation.founa.com/rayons/boissons/jus-frais,alimentation,https://alimentation.founa.com,boissons,jus-frais,https://alimentation.founa.com/boissons-jus-et-nectars-jus-frais/le-duo-pure-juice,Le Duo Pure Juice,"Composition:Orange Thomson, Clementine, eau de source naturelleDescription:Un vrai « Duo » entre la grandeur de la Thomson, decouverte depuis 1890 et la douceur de la Clementine, inventee au debut du 20eme siecle. Sa richesse en vitamine C, en acide folique, (vitamine B9) et en flavonoides, lui confere des proprietes anti-oxydantes tres utiles dans la prevention de la fatigue. La clementine a elle seule engorge de 6 fractions de carotenoides, elements tres recherches pour leur effets anti-stress et antivieillissement. La Thomson est en plus riche en calcium et potassium, deux mineraux a favoriser pour lutter contre les effets nefastes de l’exces de sel de notre alimentation moderne.Tres riche en vitamine C qui lui confere un puissant pouvoir d’antioxydant fortement accentue par la presence de la naringine et les limonoides. La naringine qui joue un role d’antioxydant donne son gout au Pomelo, les limonoides agissent de la meme maniere que la naringine mais commencent a interesser les scientifiques pour leur nombreux bienfaits sur la sante. Orange Thomson et Clementine - 1L",8.900 TND,none,NON,Orange Thomson et Clémentine - 1L,SKU: 40012,NON,"nom_produit : le duo pure juice description_produit : composition:orange thomson, clémentine, eau de source naturelledescription:un vrai « duo » entre la grandeur de la thomson, découverte depuis 1890 et la douceur de la clémentine, inventée au début du 20ème siècle. sa richesse en vitamine c, en acide folique, (vitamine b9) et en flavonoïdes, lui confère des propriétés anti-oxydantes très utiles dans la prévention de la fatigue. la clémentine à elle seule engorge de 6 fractions de caroténoïdes, éléments très recherchés pour leur effets anti-stress et antivieillissement. la thomson est en plus riche en calcium et potassium, deux minéraux à favoriser pour lutter contre les effets néfastes de l’excès de sel de notre alimentation moderne.très riche en vitamine c qui lui confère un puissant pouvoir d’antioxydant fortement accentué par la présence de la naringine et les limonoïdes. la naringine qui joue un rôle d’antioxydant donne son goût au pomelo, les limonoïdes agissent de la même manière que la naringine mais commencent à intéresser les scientifiques pour leur nombreux bienfaits sur la santé. orange thomson et clémentine - 1l categorie 1: alimentation categorie 2 : boissons"
Founa,https://index.founa.com/,jus-frais,https://alimentation.founa.com/rayons/boissons/jus-frais,alimentation,https://alimentation.founa.com,boissons,jus-frais,https://alimentation.founa.com/boissons-jus-et-nectars-jus-frais/trilogie-sanguine-pure-juice,Trilogie Sanguine Pure Juice,"Composition:Moro, Sanguinelli, Tarocco, eau de source naturelle.Description:Trouver l’equilibre entre ces trois sanguines est un art que nous vous proposons dans ""La Trilogie Sanguine"". La reunion de trois oranges de qualite, debordantes de vitamine A et C : la Moro, la Sanguinelli et la Tarocco, ne peut engendrer qu’un produit qui rien que par sa couleur chatoyante vous invite a l’aventure meme si elle est ""sanguine"". Produit a favoriser en tout occasion mais surtout si vous voulez combattre la fatigue et la morosite. Moro, Sanguinelli et Tarocco - 1L",8.900 TND,none,NON,"Moro, Sanguinelli et Tarocco - 1L",SKU: 40006,NON,"nom_produit : trilogie sanguine pure juice description_produit : composition:moro, sanguinelli, tarocco, eau de source naturelle.description:trouver l’équilibre entre ces trois sanguines est un art que nous vous proposons dans ""la trilogie sanguine"". la réunion de trois oranges de qualité, débordantes de vitamine a et c : la moro, la sanguinelli et la tarocco, ne peut engendrer qu’un produit qui rien que par sa couleur chatoyante vous invite à l’aventure même si elle est ""sanguine"". produit à favoriser en tout occasion mais surtout si vous voulez combattre la fatigue et la morosité. moro, sanguinelli et tarocco - 1l categorie 1: alimentation categorie 2 : boissons"
Founa,https://index.founa.com/,eau-gazeifiee,https://alimentation.founa.com/rayons/boissons/eau-gazeifiee,alimentation,https://alimentation.founa.com,boissons,eau-gazeifiee,https://alimentation.founa.com/eau-gazeifiee/boisson-gazeifiee-aromatisee-peche-deli039o-delice,Boisson gazeifiee aromatisee peche Deli'O Delice, 25cl,0.880 TND,none,NON,25cl,SKU: 15879,OUI,nom_produit : boisson gazéifiée arômatisée pêche déli'o délice description_produit :  250.0ml categorie 1: alimentation categorie 2 : boissons
Founa,https://index.founa.com/,eau-gazeifiee,https://alimentation.founa.com/rayons/boissons/eau-gazeifiee,alimentation,https://alimentation.founa.com,boissons,eau-gazeifiee,https://alimentation.founa.com/eau-gazeifiee/eau-gazeifiee-l039extrait-naturel-de-fraise-deli039o-delice,Eau gazeifiee a l'extrait naturel de fraise Deli'O Delice, 25cl,0.880 TND,none,NON,25cl,SKU: 10002485,OUI,nom_produit : eau gazéifiée à l'extrait naturel de fraise déli'o délice description_produit :  250.0ml categorie 1: alimentation categorie 2 : boissons
Founa,https://index.founa.com/,eau-gazeifiee,https://alimentation.founa.com/rayons/boissons/eau-gazeifiee,alimentation,https://alimentation.founa.com,boissons,eau-gazeifiee,https://alimentation.founa.com/eau-gazeifiee/eau-gazeifiee-l039extrait-naturel-de-menthe-deli039o-delice,Eau gazeifiee a l'extrait naturel de menthe Deli'O Delice, 25cl,0.880 TND,none,NON,25cl,SKU: 14681,OUI,nom_produit : eau gazéifiée à l'extrait naturel de menthe déli'o délice description_produit :  250.0ml categorie 1: alimentation categorie 2 : boissons
Founa,https://index.founa.com/,eau-gazeifiee,https://alimentation.founa.com/rayons/boissons/eau-gazeifiee,alimentation,https://alimentation.founa.com,boissons,eau-gazeifiee,https://alimentation.founa.com/eau-gazeifiee/eau-gazeifiee-l039extrait-naturel-d039ananas-deli039o-delice,Eau gazeifiee a l'extrait naturel d'ananas Deli'O Delice, 25cl,0.880 TND,none,NON,25cl,SKU: 10002187,OUI,nom_produit : eau gazéifiée à l'extrait naturel d'ananas déli'o délice description_produit :  250.0ml categorie 1: alimentation categorie 2 : boissons
Founa,https://index.founa.com/,boissons-gazeuses,https://alimentation.founa.com/rayons/boissons/boissons-gazeuses,alimentation,https://alimentation.founa.com,boissons,boissons-gazeuses,https://alimentation.founa.com/boissons-gazeuses/boisson-gazeuse-fanta-tropical,Boisson Gazeuse Fanta Tropical, 0.5L,1.390 TND,none,NON,0.5L,SKU: 10002239,OUI,nom_produit : boisson gazeuse fanta tropical description_produit :  0.5l categorie 1: alimentation categorie 2 : boissons
Founa,https://index.founa.com/,boissons-gazeuses,https://alimentation.founa.com/rayons/boissons/boissons-gazeuses,alimentation,https://alimentation.founa.com,boissons,boissons-gazeuses,https://alimentation.founa.com/boissons-gazeuses/boisson-gazeuse-coca-cola-zero-2,Boisson gazeuse Coca Cola Zero, 300ml,1.150 TND,none,NON,300ml,SKU: 25426,OUI,nom_produit : boisson gazeuse coca cola zero description_produit :  300.0ml categorie 1: alimentation categorie 2 : boissons
Founa,https://index.founa.com/,boissons-gazeuses,https://alimentation.founa.com/rayons/boissons/boissons-gazeuses,alimentation,https://alimentation.founa.com,boissons,boissons-gazeuses,https://alimentation.founa.com/boissons-gazeuses/boisson-gazeuse-orangina-10,Boisson gazeuse Orangina, 24cl,1.540 TND,none,NON,24cl,SKU: 10002443,NON,nom_produit : boisson gazeuse orangina description_produit :  240.0ml categorie 1: alimentation categorie 2 : boissons
Founa,https://index.founa.com/,boissons-gazeuses,https://alimentation.founa.com/rayons/boissons/boissons-gazeuses,alimentation,https://alimentation.founa.com,boissons,boissons-gazeuses,https://alimentation.founa.com/boissons-gazeuses/boisson-gazeuse-orangina,Boisson gazeuse Orangina, 1.2L,3.040 TND,none,NON,1.2L,SKU: 10002445,OUI,nom_produit : boisson gazeuse orangina description_produit :  1.2l categorie 1: alimentation categorie 2 : boissons
Founa,https://index.founa.com/,boissons-gazeuses,https://alimentation.founa.com/rayons/boissons/boissons-gazeuses,alimentation,https://alimentation.founa.com,boissons,boissons-gazeuses,https://alimentation.founa.com/boissons-gazeuses/boisson-gazeuse-orangina-1,Boisson gazeuse Orangina, 80cl,2.360 TND,none,NON,80cl,SKU: 10002446,OUI,nom_produit : boisson gazeuse orangina description_produit :  800.0ml categorie 1: alimentation categorie 2 : boissons
Founa,https://index.founa.com/,boissons-gazeuses,https://alimentation.founa.com/rayons/boissons/boissons-gazeuses,alimentation,https://alimentation.founa.com,boissons,boissons-gazeuses,https://alimentation.founa.com/boissons-gazeuses/boisson-gazeuse-orange-punch-1,Boisson gazeuse Orange Punch, 30cl,1.140 TND,none,NON,30cl,SKU: 10002254,NON,nom_produit : boisson gazeuse orange punch description_produit :  300.0ml categorie 1: alimentation categorie 2 : boissons
Founa,https://index.founa.com/,boissons-gazeuses,https://alimentation.founa.com/rayons/boissons/boissons-gazeuses,alimentation,https://alimentation.founa.com,boissons,boissons-gazeuses,https://alimentation.founa.com/boissons-gazeuses/boisson-gazeuse-coca-cola-zero-7,Boisson gazeuse Coca Cola Zero, 24cl,1.230 TND,none,NON,24cl,SKU: 10002407,OUI,nom_produit : boisson gazeuse coca cola zero description_produit :  240.0ml categorie 1: alimentation categorie 2 : boissons
Founa,https://index.founa.com/,boissons-gazeuses,https://alimentation.founa.com/rayons/boissons/boissons-gazeuses,alimentation,https://alimentation.founa.com,boissons,boissons-gazeuses,https://alimentation.founa.com/boissons-gazeuses/boisson-gazeuse-orange-punch,Boisson gazeuse Orange Punch, 1.5L,3.030 TND,none,NON,1.5L,SKU: 10001958,OUI,nom_produit : boisson gazeuse orange punch description_produit :  1.5l categorie 1: alimentation categorie 2 : boissons
Founa,https://index.founa.com/,boissons-gazeuses,https://alimentation.founa.com/rayons/boissons/boissons-gazeuses,alimentation,https://alimentation.founa.com,boissons,boissons-gazeuses,https://alimentation.founa.com/boissons-gazeuses/boisson-gazeuse-fanta-lemon,Boisson gazeuse Fanta Lemon, 24cl,1.230 TND,none,NON,24cl,SKU: 10002388,OUI,nom_produit : boisson gazeuse fanta lemon description_produit :  240.0ml categorie 1: alimentation categorie 2 : boissons
Founa,https://index.founa.com/,boissons-gazeuses,https://alimentation.founa.com/rayons/boissons/boissons-gazeuses,alimentation,https://alimentation.founa.com,boissons,boissons-gazeuses,https://alimentation.founa.com/boissons-gazeuses/boisson-gazeuse-coca-cola,Boisson gazeuse Coca Cola, 24cl,1.230 TND,none,NON,24cl,SKU: 10002381,OUI,nom_produit : boisson gazeuse coca cola description_produit :  240.0ml categorie 1: alimentation categorie 2 : boissons
Founa,https://index.founa.com/,boissons-gazeuses,https://alimentation.founa.com/rayons/boissons/boissons-gazeuses,alimentation,https://alimentation.founa.com,boissons,boissons-gazeuses,https://alimentation.founa.com/boissons-gazeuses/boisson-gazeuse-pulpe-orange-punch,Boisson gazeuse pulpe Orange Punch, 30cl,1.330 TND,none,NON,30cl,SKU: 10002256,NON,nom_produit : boisson gazeuse pulpe orange punch description_produit :  300.0ml categorie 1: alimentation categorie 2 : boissons
Founa,https://index.founa.com/,boissons-gazeuses,https://alimentation.founa.com/rayons/boissons/boissons-gazeuses,alimentation,https://alimentation.founa.com,boissons,boissons-gazeuses,https://alimentation.founa.com/boissons-gazeuses/boisson-gazeuse-fanta-orange,Boisson gazeuse Fanta Orange, 24cl,1.230 TND,none,NON,24cl,SKU: 10002382,OUI,nom_produit : boisson gazeuse fanta orange description_produit :  240.0ml categorie 1: alimentation categorie 2 : boissons
Founa,https://index.founa.com/,boissons-gazeuses,https://alimentation.founa.com/rayons/boissons/boissons-gazeuses,alimentation,https://alimentation.founa.com,boissons,boissons-gazeuses,https://alimentation.founa.com/boissons-gazeuses/boisson-non-alcoolisee-base-de-malt-fraise-et-grenade-celestia,Boisson non alcoolisee a base de malt Fraise et Grenade Celestia, 25cl,1.590 TND,none,NON,25cl,SKU: 10002190,OUI,nom_produit : boisson non alcoolisée à base de malt fraise et grenade celestia description_produit :  250.0ml categorie 1: alimentation categorie 2 : boissons
Founa,https://index.founa.com/,boissons-gazeuses,https://alimentation.founa.com/rayons/boissons/boissons-gazeuses,alimentation,https://alimentation.founa.com,boissons,boissons-gazeuses,https://alimentation.founa.com/boissons-gazeuses/boisson-gazeuse-punch-pomme,Boisson Gazeuse Punch Pomme, 30cl,1.140 TND,none,NON,30cl,SKU: 10002255,NON,nom_produit : boisson gazeuse punch pomme description_produit :  300.0ml categorie 1: alimentation categorie 2 : boissons
Founa,https://index.founa.com/,boissons-gazeuses,https://alimentation.founa.com/rayons/boissons/boissons-gazeuses,alimentation,https://alimentation.founa.com,boissons,boissons-gazeuses,https://alimentation.founa.com/boissons-gazeuses/boisson-gazeuse-pomme-punch,Boisson gazeuse Pomme Punch, 1.5L,3.030 TND,none,NON,1.5L,SKU: 10001961,OUI,nom_produit : boisson gazeuse pomme punch description_produit :  1.5l categorie 1: alimentation categorie 2 : boissons
Founa,https://index.founa.com/,boissons-gazeuses,https://alimentation.founa.com/rayons/boissons/boissons-gazeuses,alimentation,https://alimentation.founa.com,boissons,boissons-gazeuses,https://alimentation.founa.com/boissons-gazeuses/boisson-gazeuse-sans-sucre-boga-lim,Boisson gazeuse sans sucre Boga Lim, 1L,2.280 TND,none,NON,1L,SKU: 10002237,OUI,nom_produit : boisson gazeuse sans sucre boga lim description_produit :  1l categorie 1: alimentation categorie 2 : boissons
Founa,https://index.founa.com/,boissons-gazeuses,https://alimentation.founa.com/rayons/boissons/boissons-gazeuses,alimentation,https://alimentation.founa.com,boissons,boissons-gazeuses,https://alimentation.founa.com/boissons-gazeuses/boisson-gazeuse-orangina-rouge-1,Boisson gazeuse Orangina Rouge, 0.8L,2.360 TND,none,NON,0.8L,SKU: 10002457,NON,nom_produit : boisson gazeuse orangina rouge description_produit :  0.8l categorie 1: alimentation categorie 2 : boissons
Founa,https://index.founa.com/,boissons-gazeuses,https://alimentation.founa.com/rayons/boissons/boissons-gazeuses,alimentation,https://alimentation.founa.com,boissons,boissons-gazeuses,https://alimentation.founa.com/boissons-gazeuses/boisson-gazeuse-tropico-cocktail-de-fruits,Boisson gazeuse Tropico Cocktail de fruits, 1.5L,2.990 TND,none,NON,1.5L,SKU: 10002355,OUI,nom_produit : boisson gazeuse tropico cocktail de fruits description_produit :  1.5l categorie 1: alimentation categorie 2 : boissons
Founa,https://index.founa.com/,boissons-gazeuses,https://alimentation.founa.com/rayons/boissons/boissons-gazeuses,alimentation,https://alimentation.founa.com,boissons,boissons-gazeuses,https://alimentation.founa.com/boissons-gazeuses/boisson-non-alcoolisee-base-de-malt-citron-celestia,Boisson non alcoolisee a base de malt Citron Celestia, 25cl,1.590 TND,none,NON,25cl,SKU: 10002188,OUI,nom_produit : boisson non alcoolisée à base de malt citron celestia description_produit :  250.0ml categorie 1: alimentation categorie 2 : boissons
Founa,https://index.founa.com/,boissons-gazeuses,https://alimentation.founa.com/rayons/boissons/boissons-gazeuses,alimentation,https://alimentation.founa.com,boissons,boissons-gazeuses,https://alimentation.founa.com/boissons-gazeuses/boisson-gazeuse-tropico-cocktail-de-fruits-0,Boisson gazeuse Tropico Cocktail de fruits, 1L,2.340 TND,none,NON,1L,SKU: 10002354,OUI,nom_produit : boisson gazeuse tropico cocktail de fruits description_produit :  1l categorie 1: alimentation categorie 2 : boissons
Founa,https://index.founa.com/,boissons-gazeuses,https://alimentation.founa.com/rayons/boissons/boissons-gazeuses,alimentation,https://alimentation.founa.com,boissons,boissons-gazeuses,https://alimentation.founa.com/boissons-gazeuses/boisson-gazeuse-schweppes-agrumes,Boisson gazeuse Schweppes Agrumes, 24cl,1.230 TND,none,NON,24cl,SKU: 10002258,OUI,nom_produit : boisson gazeuse schweppes agrumes description_produit :  240.0ml categorie 1: alimentation categorie 2 : boissons
Founa,https://index.founa.com/,boissons-gazeuses,https://alimentation.founa.com/rayons/boissons/boissons-gazeuses,alimentation,https://alimentation.founa.com,boissons,boissons-gazeuses,https://alimentation.founa.com/boissons-gazeuses/boisson-non-alcoolisee-base-de-malt-celestia-1,Boisson non alcoolisee a base de malt Celestia, 24cl,1.420 TND,none,NON,24cl,SKU: 10002484,OUI,nom_produit : boisson non alcoolisée à base de malt celestia description_produit :  240.0ml categorie 1: alimentation categorie 2 : boissons
Founa,https://index.founa.com/,boissons-gazeuses,https://alimentation.founa.com/rayons/boissons/boissons-gazeuses,alimentation,https://alimentation.founa.com,boissons,boissons-gazeuses,https://alimentation.founa.com/boissons-gazeuses/boisson-gazeuse-sprite,Boisson gazeuse Sprite, 24cl,1.230 TND,none,NON,24cl,SKU: 10002380,OUI,nom_produit : boisson gazeuse sprite description_produit :  240.0ml categorie 1: alimentation categorie 2 : boissons
Founa,https://index.founa.com/,boissons-gazeuses,https://alimentation.founa.com/rayons/boissons/boissons-gazeuses,alimentation,https://alimentation.founa.com,boissons,boissons-gazeuses,https://alimentation.founa.com/boissons-gazeuses/boisson-gazeuse-punch-cidre,Boisson Gazeuse Punch Cidre, 30cl,1.140 TND,none,NON,30cl,SKU: 10002257,NON,nom_produit : boisson gazeuse punch cidre description_produit :  300.0ml categorie 1: alimentation categorie 2 : boissons
Founa,https://index.founa.com/,boissons-gazeuses,https://alimentation.founa.com/rayons/boissons/boissons-gazeuses,alimentation,https://alimentation.founa.com,boissons,boissons-gazeuses,https://alimentation.founa.com/boissons-gazeuses/boisson-gazeuse-boga-cidre,Boisson gazeuse Boga Cidre, 1L,2.360 TND,none,NON,1L,SKU: 140,OUI,nom_produit : boisson gazeuse boga cidre description_produit :  1l categorie 1: alimentation categorie 2 : boissons
Founa,https://index.founa.com/,boissons-gazeuses,https://alimentation.founa.com/rayons/boissons/boissons-gazeuses,alimentation,https://alimentation.founa.com,boissons,boissons-gazeuses,https://alimentation.founa.com/boissons-gazeuses/boisson-gazeuse-coca-cola-0,Boisson gazeuse Coca Cola, 1L,2.360 TND,none,NON,1L,SKU: 123,OUI,nom_produit : boisson gazeuse coca cola description_produit :  1l categorie 1: alimentation categorie 2 : boissons
Founa,https://index.founa.com/,boissons-gazeuses,https://alimentation.founa.com/rayons/boissons/boissons-gazeuses,alimentation,https://alimentation.founa.com,boissons,boissons-gazeuses,https://alimentation.founa.com/boissons-gazeuses/boisson-gazeuse-schweppes-citron,Boisson gazeuse Schweppes Citron, 1L,2.570 TND,none,NON,1L,SKU: 153,OUI,nom_produit : boisson gazeuse schweppes citron description_produit :  1l categorie 1: alimentation categorie 2 : boissons
Founa,https://index.founa.com/,boissons-gazeuses,https://alimentation.founa.com/rayons/boissons/boissons-gazeuses,alimentation,https://alimentation.founa.com,boissons,boissons-gazeuses,https://alimentation.founa.com/glacons-eau-plate-jus-et-nectars-boissons-gazeuses/glacon-alimentaire-purifie,Glacon Alimentaire Purifie,"Les glacons sont fabriques a base d’eau potable filtree par osmose inverse.Ils ont un aspect cristallin, durent plus longtemps et n'ont aucun arriere gout.Leur forme cylindrique avec un petit trou au centre assurent une plus grande transparence.A conserver entre -10°C et -18°C 2kg",2.500 TND,none,NON,2kg,SKU: 49886,NON,"nom_produit : glaçon alimentaire purifié description_produit : les glaçons sont fabriqués à base d’eau potable filtrée par osmose inverse.ils ont un aspect cristallin, durent plus longtemps et n'ont aucun arrière goût.leur forme cylindrique avec un petit trou au centre assurent une plus grande transparence.a conserver entre -10°c et -18°c 2000.0g categorie 1: alimentation categorie 2 : boissons"
Founa,https://index.founa.com/,boissons-gazeuses,https://alimentation.founa.com/rayons/boissons/boissons-gazeuses,alimentation,https://alimentation.founa.com,boissons,boissons-gazeuses,https://alimentation.founa.com/boissons-gazeuses/boisson-gazeuse-schweppes-tonic-0,Boisson Gazeuse Schweppes Tonic, 1L,2.570 TND,none,NON,1L,SKU: 911,OUI,nom_produit : boisson gazeuse schweppes tonic description_produit :  1l categorie 1: alimentation categorie 2 : boissons
Founa,https://index.founa.com/,boissons-gazeuses,https://alimentation.founa.com/rayons/boissons/boissons-gazeuses,alimentation,https://alimentation.founa.com,boissons,boissons-gazeuses,https://alimentation.founa.com/boissons-gazeuses/boisson-gazeuse-schweppes-agrume,Boisson gazeuse Schweppes Agrume, 1L,2.300 TND,none,NON,1L,SKU: 1686,OUI,nom_produit : boisson gazeuse schweppes agrume description_produit :  1l categorie 1: alimentation categorie 2 : boissons
Founa,https://index.founa.com/,boissons-gazeuses,https://alimentation.founa.com/rayons/boissons/boissons-gazeuses,alimentation,https://alimentation.founa.com,boissons,boissons-gazeuses,https://alimentation.founa.com/boissons-gazeuses/boisson-gazeuse-boga-lim-0,Boisson gazeuse Boga Lim, 1L,2.360 TND,none,NON,1L,SKU: 144,OUI,nom_produit : boisson gazeuse boga lim description_produit :  1l categorie 1: alimentation categorie 2 : boissons
Founa,https://index.founa.com/,boissons-gazeuses,https://alimentation.founa.com/rayons/boissons/boissons-gazeuses,alimentation,https://alimentation.founa.com,boissons,boissons-gazeuses,https://alimentation.founa.com/boissons-gazeuses/boisson-gazeuse-fanta-citron-0,Boisson gazeuse Fanta citron, 1L,2.360 TND,none,NON,1L,SKU: 109,OUI,nom_produit : boisson gazeuse fanta citron description_produit :  1l categorie 1: alimentation categorie 2 : boissons
Founa,https://index.founa.com/,boissons-gazeuses,https://alimentation.founa.com/rayons/boissons/boissons-gazeuses,alimentation,https://alimentation.founa.com,boissons,boissons-gazeuses,https://alimentation.founa.com/boissons-gazeuses/boisson-gazeuse-schweppes-ananas,Boisson gazeuse Schweppes Ananas, 1l,2.570 TND,none,NON,1l,SKU: 156,OUI,nom_produit : boisson gazeuse schweppes ananas description_produit :  1l categorie 1: alimentation categorie 2 : boissons
Founa,https://index.founa.com/,boissons-gazeuses,https://alimentation.founa.com/rayons/boissons/boissons-gazeuses,alimentation,https://alimentation.founa.com,boissons,boissons-gazeuses,https://alimentation.founa.com/boissons-gazeuses/boisson-gazeuse-coca-cola-zero-5,Boisson gazeuse Coca Cola Zero, 1L,2.280 TND,none,NON,1L,SKU: 118,OUI,nom_produit : boisson gazeuse coca cola zero description_produit :  1l categorie 1: alimentation categorie 2 : boissons
Founa,https://index.founa.com/,boissons-gazeuses,https://alimentation.founa.com/rayons/boissons/boissons-gazeuses,alimentation,https://alimentation.founa.com,boissons,boissons-gazeuses,https://alimentation.founa.com/boissons-gazeuses/boisson-gazeuse-fanta-orange-4,Boisson gazeuse Fanta orange, 1L,2.360 TND,none,NON,1L,SKU: 112,OUI,nom_produit : boisson gazeuse fanta orange description_produit :  1l categorie 1: alimentation categorie 2 : boissons
Founa,https://index.founa.com/,boissons-gazeuses,https://alimentation.founa.com/rayons/boissons/boissons-gazeuses,alimentation,https://alimentation.founa.com,boissons,boissons-gazeuses,https://alimentation.founa.com/boissons-gazeuses/boisson-non-alcoolisee-base-de-malt-mojito-celestia,Boisson non alcoolisee a base de malt Mojito Celestia, 25cl,1.590 TND,none,NON,25cl,SKU: 10002189,OUI,nom_produit : boisson non alcoolisée à base de malt mojito celestia description_produit :  250.0ml categorie 1: alimentation categorie 2 : boissons
Founa,https://index.founa.com/,boissons-gazeuses,https://alimentation.founa.com/rayons/boissons/boissons-gazeuses,alimentation,https://alimentation.founa.com,boissons,boissons-gazeuses,https://alimentation.founa.com/boissons-gazeuses/boisson-gazeuse-coca-cola-zero-0,Boisson gazeuse Coca Cola Zero, 0.5L,1.350 TND,none,NON,0.5L,SKU: 117,OUI,nom_produit : boisson gazeuse coca cola zero description_produit :  0.5l categorie 1: alimentation categorie 2 : boissons
Founa,https://index.founa.com/,boissons-gazeuses,https://alimentation.founa.com/rayons/boissons/boissons-gazeuses,alimentation,https://alimentation.founa.com,boissons,boissons-gazeuses,https://alimentation.founa.com/boissons-gazeuses/boisson-gazeuse-fruite-pomme-punch,Boisson gazeuse Fruite Pomme Punch, 1L,2.430 TND,none,NON,1L,SKU: 12415,OUI,nom_produit : boisson gazeuse fruité pomme punch description_produit :  1l categorie 1: alimentation categorie 2 : boissons
Founa,https://index.founa.com/,boissons-gazeuses,https://alimentation.founa.com/rayons/boissons/boissons-gazeuses,alimentation,https://alimentation.founa.com,boissons,boissons-gazeuses,https://alimentation.founa.com/boissons-gazeuses/boisson-gazeuse-fanta-orange-1,Boisson gazeuse Fanta orange, 0.5L,1.390 TND,none,NON,0.5L,SKU: 111,OUI,nom_produit : boisson gazeuse fanta orange description_produit :  0.5l categorie 1: alimentation categorie 2 : boissons
Founa,https://index.founa.com/,boissons-gazeuses,https://alimentation.founa.com/rayons/boissons/boissons-gazeuses,alimentation,https://alimentation.founa.com,boissons,boissons-gazeuses,https://alimentation.founa.com/boissons-gazeuses/boisson-gazeuse-fanta-citron-3,Boisson gazeuse Fanta citron, 1.5L,3.040 TND,none,NON,1.5L,SKU: 110,OUI,nom_produit : boisson gazeuse fanta citron description_produit :  1.5l categorie 1: alimentation categorie 2 : boissons
Founa,https://index.founa.com/,boissons-gazeuses,https://alimentation.founa.com/rayons/boissons/boissons-gazeuses,alimentation,https://alimentation.founa.com,boissons,boissons-gazeuses,https://alimentation.founa.com/boissons-gazeuses/boisson-gazeuse-boga-menthe,Boisson gazeuse Boga Menthe, 1L,2.360 TND,none,NON,1L,SKU: 130,OUI,nom_produit : boisson gazeuse boga menthe description_produit :  1l categorie 1: alimentation categorie 2 : boissons
Founa,https://index.founa.com/,boissons-gazeuses,https://alimentation.founa.com/rayons/boissons/boissons-gazeuses,alimentation,https://alimentation.founa.com,boissons,boissons-gazeuses,https://alimentation.founa.com/boissons-gazeuses/boisson-gazeuse-fanta-orange-0,Boisson gazeuse Fanta orange, 1.5 l,3.040 TND,none,NON,1.5 l,SKU: 113,OUI,nom_produit : boisson gazeuse fanta orange description_produit :  1.5 l categorie 1: alimentation categorie 2 : boissons
Founa,https://index.founa.com/,boissons-gazeuses,https://alimentation.founa.com/rayons/boissons/boissons-gazeuses,alimentation,https://alimentation.founa.com,boissons,boissons-gazeuses,https://alimentation.founa.com/boissons-gazeuses/boisson-gazeuse-apla,Boisson gazeuse Apla, 1.5L,3.040 TND,none,NON,1.5L,SKU: 106,OUI,nom_produit : boisson gazeuse apla description_produit :  1.5l categorie 1: alimentation categorie 2 : boissons
Founa,https://index.founa.com/,boissons-gazeuses,https://alimentation.founa.com/rayons/boissons/boissons-gazeuses,alimentation,https://alimentation.founa.com,boissons,boissons-gazeuses,https://alimentation.founa.com/boissons-gazeuses/boisson-gazeuse-coca-cola-zero,Boisson gazeuse Coca Cola Zero, 1.5L,2.950 TND,none,NON,1.5L,SKU: 119,OUI,nom_produit : boisson gazeuse coca cola zero description_produit :  1.5l categorie 1: alimentation categorie 2 : boissons
Founa,https://index.founa.com/,boissons-gazeuses,https://alimentation.founa.com/rayons/boissons/boissons-gazeuses,alimentation,https://alimentation.founa.com,boissons,boissons-gazeuses,https://alimentation.founa.com/boissons-gazeuses/boisson-gazeuse-punch-cidre-meddeb,Boisson Gazeuse Punch Cidre Meddeb, 1L,2.430 TND,none,NON,1L,SKU: 1037,OUI,nom_produit : boisson gazeuse punch cidre meddeb description_produit :  1l categorie 1: alimentation categorie 2 : boissons
Founa,https://index.founa.com/,boissons-gazeuses,https://alimentation.founa.com/rayons/boissons/boissons-gazeuses,alimentation,https://alimentation.founa.com,boissons,boissons-gazeuses,https://alimentation.founa.com/boissons-gazeuses/boisson-gazeuse-punch-cidre-meddeb-0,Boisson Gazeuse Punch Cidre Meddeb, 1.5L,3.030 TND,none,NON,1.5L,SKU: 1038,OUI,nom_produit : boisson gazeuse punch cidre meddeb description_produit :  1.5l categorie 1: alimentation categorie 2 : boissons
Founa,https://index.founa.com/,sirop-et-concentre,https://alimentation.founa.com/rayons/boissons/sirop-et-concentre,alimentation,https://alimentation.founa.com,boissons,sirop-et-concentre,https://alimentation.founa.com/sirop-et-concentre/sirop-pur-sucre-de-canne-monin,Sirop Pur sucre de canne Monin, 1L,23.500 TND,none,NON,1L,SKU: 10002292,OUI,nom_produit : sirop pur sucre de canne monin description_produit :  1l categorie 1: alimentation categorie 2 : boissons
Founa,https://index.founa.com/,sirop-et-concentre,https://alimentation.founa.com/rayons/boissons/sirop-et-concentre,alimentation,https://alimentation.founa.com,boissons,sirop-et-concentre,https://alimentation.founa.com/sirop-et-concentre/sirop-noix-de-coco-monin,Sirop Noix de Coco Monin, 0.7L,29.900 TND,none,NON,0.7L,SKU: 10002293,OUI,nom_produit : sirop noix de coco monin description_produit :  0.7l categorie 1: alimentation categorie 2 : boissons
Founa,https://index.founa.com/,sirop-et-concentre,https://alimentation.founa.com/rayons/boissons/sirop-et-concentre,alimentation,https://alimentation.founa.com,boissons,sirop-et-concentre,https://alimentation.founa.com/sirop-et-concentre/sirop-mojito-mint-monin,Sirop Mojito Mint Monin, 1L,39.900 TND,none,NON,1L,SKU: 10002282,OUI,nom_produit : sirop mojito mint monin description_produit :  1l categorie 1: alimentation categorie 2 : boissons
Founa,https://index.founa.com/,sirop-et-concentre,https://alimentation.founa.com/rayons/boissons/sirop-et-concentre,alimentation,https://alimentation.founa.com,boissons,sirop-et-concentre,https://alimentation.founa.com/sirop-et-concentre/sirop-de-vanille-monin,Sirop de Vanille Monin, 1L,39.900 TND,none,NON,1L,SKU: 10002281,OUI,nom_produit : sirop de vanille monin description_produit :  1l categorie 1: alimentation categorie 2 : boissons
Founa,https://index.founa.com/,boissons-energetiques,https://alimentation.founa.com/rayons/boissons/boissons-energetiques,alimentation,https://alimentation.founa.com,boissons,boissons-energetiques,https://alimentation.founa.com/boissons-energetiques/boisson-energetique-redbull,Boisson energetique Redbull,"Red Bull Energy Drink est apprecie dans le monde entier par les athletes d’elite, les etudiants, par les professionnels tres sollicites et par ceux qui font de longs voyages.Ingredients:- Cafeine : La cafeine etait largement utilisee par les anciennes civilisations. Celle qu’elles consommaient traditionnellement provenait de sources naturelles comme le the, le cafe, les feves de cacao et les noix de cola, et elles en appreciaient les effets stimulants sur le corps humain.- Sucres: La boisson energisante Red Bull contient de vrais sucres.- Taurine: La taurine est un acide amine naturellement present dans le corps humain et dans l’alimentation quotidienne.- Eau des alpes: L’eau est l’un des principaux ingredients du Red Bull.- Vitamine du groupe B 250ml",5.990 TND,none,NON,250ml,SKU: 158,OUI,"nom_produit : boisson énergétique redbull description_produit : red bull energy drink est apprécié dans le monde entier par les athlètes d’élite, les étudiants, par les professionnels très sollicités et par ceux qui font de longs voyages.ingrédients:- caféine : la caféine était largement utilisée par les anciennes civilisations. celle qu’elles consommaient traditionnellement provenait de sources naturelles comme le thé, le café, les fèves de cacao et les noix de cola, et elles en appréciaient les effets stimulants sur le corps humain.- sucres: la boisson énergisante red bull contient de vrais sucres.- taurine: la taurine est un acide aminé naturellement présent dans le corps humain et dans l’alimentation quotidienne.- eau des alpes: l’eau est l’un des principaux ingrédients du red bull.- vitamine du groupe b 250.0ml categorie 1: alimentation categorie 2 : boissons"
Founa,https://index.founa.com/,boissons-energetiques,https://alimentation.founa.com/rayons/boissons/boissons-energetiques,alimentation,https://alimentation.founa.com,boissons,boissons-energetiques,https://alimentation.founa.com/boissons-energetiques/boisson-energetique-power-horse-red-rush-pomegranate,Boisson energetique Power Horse Red Rush Pomegranate, 250ml,4.890 TND,none,NON,250ml,SKU: 10002042,OUI,nom_produit : boisson énergétique power horse red rush pomegranate description_produit :  250.0ml categorie 1: alimentation categorie 2 : boissons
