Code_Article,Libelle_Article,Rayon,Famille,Sous famille,Categorie,Sous_Categorie,Prix
665040907,BIERE SA MOJITO CELESTIA BLLE 25CL,1173 - LIQUIDES NON ALCOOLISES,1173199 - BIERES SANS ALCOOL,117319901 - BIERES SANS ALCOOL,11731990101 - BIERES SANS ALCOOL,1173199010103 - 25 CL,1620
665040917,BIERE SA FRAISE GRENADE CELESTIA BLLE 25CL,1173 - LIQUIDES NON ALCOOLISES,1173199 - BIERES SANS ALCOOL,117319901 - BIERES SANS ALCOOL,11731990101 - BIERES SANS ALCOOL,1173199010103 - 25 CL,1470
665080038,Biere S.A CELESTIA blle 25CL,1173 - LIQUIDES NON ALCOOLISES,1173199 - BIERES SANS ALCOOL,117319901 - BIERES SANS ALCOOL,11731990101 - BIERES SANS ALCOOL,1173199010103 - 25 CL,1620
665080057,Biere S.A Citron CELESTIA blle 25CL,1173 - LIQUIDES NON ALCOOLISES,1173199 - BIERES SANS ALCOOL,117319901 - BIERES SANS ALCOOL,11731990101 - BIERES SANS ALCOOL,1173199010103 - 25 CL,1550
665080067,Biere S.A CELESTIA bte 24CL,1173 - LIQUIDES NON ALCOOLISES,1173199 - BIERES SANS ALCOOL,117319901 - BIERES SANS ALCOOL,11731990101 - BIERES SANS ALCOOL,1173199010103 - 25 CL,1420
665080077,Biere S.A CELESTIA MOJITO bte 24CL,1173 - LIQUIDES NON ALCOOLISES,1173199 - BIERES SANS ALCOOL,117319901 - BIERES SANS ALCOOL,11731990101 - BIERES SANS ALCOOL,1173199010103 - 25 CL,1390
665080087,Biere S.A CELESTIA bte FRAISE GRENADE 24CL,1173 - LIQUIDES NON ALCOOLISES,1173199 - BIERES SANS ALCOOL,117319901 - BIERES SANS ALCOOL,11731990101 - BIERES SANS ALCOOL,1173199010103 - 25 CL,1390
665080097,Biere S.A CELESTIA Citron bte 24CL,1173 - LIQUIDES NON ALCOOLISES,1173199 - BIERES SANS ALCOOL,117319901 - BIERES SANS ALCOOL,11731990101 - BIERES SANS ALCOOL,1173199010103 - 25 CL,1390
662100027,B.Gaz Lime BOGA Pet 1L,1173 - LIQUIDES NON ALCOOLISES,1173201 - LIMONADES SODAS EXTRAIT,117320103 - CLEAR LIMES,11732010301 - LIMES,1173201030158 - BOUTEILLE PLASTIQUE SUPERIEUR OU = 100CL,2360
662100547,"B.Gaz Lime BOGA Pet 1,5L",1173 - LIQUIDES NON ALCOOLISES,1173201 - LIMONADES SODAS EXTRAIT,117320103 - CLEAR LIMES,11732010301 - LIMES,1173201030158 - BOUTEILLE PLASTIQUE SUPERIEUR OU = 100CL,3030
662000177,B.Gaz BOGA Lim Sans Sucre Bte 24Cl,1173 - LIQUIDES NON ALCOOLISES,1173201 - LIMONADES SODAS EXTRAIT,117320103 - CLEAR LIMES,11732010301 - LIMES,1173201030159 - BOUTEILLE PLASTIQUE INFERIEUR A 100 CL,1240
662000197,B.Gaz BOGA MENTHE Bte 24Cl,1173 - LIQUIDES NON ALCOOLISES,1173201 - LIMONADES SODAS EXTRAIT,117320103 - CLEAR LIMES,11732010301 - LIMES,1173201030159 - BOUTEILLE PLASTIQUE INFERIEUR A 100 CL,1300
662000207,B.Gaz Fanta Pomme Bte 24Cl,1173 - LIQUIDES NON ALCOOLISES,1173201 - LIMONADES SODAS EXTRAIT,117320103 - CLEAR LIMES,11732010301 - LIMES,1173201030159 - BOUTEILLE PLASTIQUE INFERIEUR A 100 CL,1240
662100457,B.Gaz Lime BOGA Pet 50CL,1173 - LIQUIDES NON ALCOOLISES,1173201 - LIMONADES SODAS EXTRAIT,117320103 - CLEAR LIMES,11732010301 - LIMES,1173201030159 - BOUTEILLE PLASTIQUE INFERIEUR A 100 CL,1390
662000157,B.Gaz BOGA Lim Bte 24Cl,1173 - LIQUIDES NON ALCOOLISES,1173201 - LIMONADES SODAS EXTRAIT,117320103 - CLEAR LIMES,11732010301 - LIMES,1173201030162 - BOITE METAL,1350
662000147,B.GAZ BOGA S SUCRE PET 50Cl,1173 - LIQUIDES NON ALCOOLISES,1173201 - LIMONADES SODAS EXTRAIT,117320105 - SODAS AUX EXTRAITS DE PLANTES,11732010501 - MENTHE,1173201050158 - BOUTEILLE PLASTIQUE SUPERIEUR OU = 100CL,1420
662100757,B.GAZ BOGA SS SUCRE PET 1L,1173 - LIQUIDES NON ALCOOLISES,1173201 - LIMONADES SODAS EXTRAIT,117320105 - SODAS AUX EXTRAITS DE PLANTES,11732010501 - MENTHE,1173201050158 - BOUTEILLE PLASTIQUE SUPERIEUR OU = 100CL,2280
662180126,B.Gaz Menthe BOGA Pet 1L,1173 - LIQUIDES NON ALCOOLISES,1173201 - LIMONADES SODAS EXTRAIT,117320105 - SODAS AUX EXTRAITS DE PLANTES,11732010501 - MENTHE,1173201050158 - BOUTEILLE PLASTIQUE SUPERIEUR OU = 100CL,2360
662180106,B.Gaz Menthe BOGA Pet 50CL,1173 - LIQUIDES NON ALCOOLISES,1173201 - LIMONADES SODAS EXTRAIT,117320105 - SODAS AUX EXTRAITS DE PLANTES,11732010501 - MENTHE,1173201050159 - BOUTEILLE PLASTIQUE INFERIEUR A 100 CL,1390
662100067,B.Gaz Indian Tonic SCHWEPPES Pet 1L,1173 - LIQUIDES NON ALCOOLISES,1173201 - LIMONADES SODAS EXTRAIT,117320105 - SODAS AUX EXTRAITS DE PLANTES,11732010503 - TONIC,1173201050358 - BOUTEILLE PLASTIQUE SUPERIEUR OU = 100CL,2590
662180097,"B.Gaz Tonic SCHWEPPES Pet 0,5L",1173 - LIQUIDES NON ALCOOLISES,1173201 - LIMONADES SODAS EXTRAIT,117320105 - SODAS AUX EXTRAITS DE PLANTES,11732010503 - TONIC,1173201050359 - BOUTEILLE PLASTIQUE INFERIEUR A 100 CL,1690
662140268,B.G SCHWEPPES AGRUMES Bte 24 CL,1173 - LIQUIDES NON ALCOOLISES,1173201 - LIMONADES SODAS EXTRAIT,117320105 - SODAS AUX EXTRAITS DE PLANTES,11732010503 - TONIC,1173201050362 - BOITE METAL,1240
662140278,B.G SCHWEPPES CITRON Bte 24 CL,1173 - LIQUIDES NON ALCOOLISES,1173201 - LIMONADES SODAS EXTRAIT,117320105 - SODAS AUX EXTRAITS DE PLANTES,11732010503 - TONIC,1173201050362 - BOITE METAL,1240
662140288,B.G SCHWEPPES TONIC Bte 24 CL,1173 - LIQUIDES NON ALCOOLISES,1173201 - LIMONADES SODAS EXTRAIT,117320105 - SODAS AUX EXTRAITS DE PLANTES,11732010503 - TONIC,1173201050362 - BOITE METAL,1240
662140298,B.G SPRITE Bte 24 CL,1173 - LIQUIDES NON ALCOOLISES,1173201 - LIMONADES SODAS EXTRAIT,117320105 - SODAS AUX EXTRAITS DE PLANTES,11732010503 - TONIC,1173201050362 - BOITE METAL,1230
662000167,B.Gaz BOGA Cidre Bte 24Cl,1173 - LIQUIDES NON ALCOOLISES,1173201 - LIMONADES SODAS EXTRAIT,117320105 - SODAS AUX EXTRAITS DE PLANTES,11732010599 - AUTRES,1173201059902 - X1,1240
662100157,B.Gaz Cidre BOGA Pet 1L,1173 - LIQUIDES NON ALCOOLISES,1173201 - LIMONADES SODAS EXTRAIT,117320105 - SODAS AUX EXTRAITS DE PLANTES,11732010599 - AUTRES,1173201059902 - X1,2360
662100227,"B.Gaz Cidre BOGA Pet 1,5L",1173 - LIQUIDES NON ALCOOLISES,1173201 - LIMONADES SODAS EXTRAIT,117320105 - SODAS AUX EXTRAITS DE PLANTES,11732010599 - AUTRES,1173201059902 - X1,2990
662181437,B.Gaz Cidre PUNCH PET 1.5L,1173 - LIQUIDES NON ALCOOLISES,1173201 - LIMONADES SODAS EXTRAIT,117320105 - SODAS AUX EXTRAITS DE PLANTES,11732010599 - AUTRES,1173201059902 - X1,2900
662181487,B.Gaz Cidre PUNCH Pet 0.5L,1173 - LIQUIDES NON ALCOOLISES,1173201 - LIMONADES SODAS EXTRAIT,117320105 - SODAS AUX EXTRAITS DE PLANTES,11732010599 - AUTRES,1173201059902 - X1,1550
662181757,B.Gaz Cidre PUNCH Pet 1L,1173 - LIQUIDES NON ALCOOLISES,1173201 - LIMONADES SODAS EXTRAIT,117320105 - SODAS AUX EXTRAITS DE PLANTES,11732010599 - AUTRES,1173201059902 - X1,2570
663281387,B.Gaz Cidre BOGA Pet 50CL,1173 - LIQUIDES NON ALCOOLISES,1173201 - LIMONADES SODAS EXTRAIT,117320105 - SODAS AUX EXTRAITS DE PLANTES,11732010599 - AUTRES,1173201059902 - X1,1380
662000010,"B.Gaz Cola COCA Pet 1,5L",1173 - LIQUIDES NON ALCOOLISES,1173201 - LIMONADES SODAS EXTRAIT,117320107 - COLAS,11732010701 - STANDARD,1173201070158 - BOUTEILLE PLASTIQUE SUPERIEUR OU = 100CL,3030
662000020,B.Gaz Cola  COCA Pet 1L,1173 - LIQUIDES NON ALCOOLISES,1173201 - LIMONADES SODAS EXTRAIT,117320107 - COLAS,11732010701 - STANDARD,1173201070158 - BOUTEILLE PLASTIQUE SUPERIEUR OU = 100CL,2250
662080016,B.Gaz Cola COCA Pet 1.25L,1173 - LIQUIDES NON ALCOOLISES,1173201 - LIMONADES SODAS EXTRAIT,117320107 - COLAS,11732010701 - STANDARD,1173201070158 - BOUTEILLE PLASTIQUE SUPERIEUR OU = 100CL,1700
662000067,B.GAZ COLA COCA PET 50CL,1173 - LIQUIDES NON ALCOOLISES,1173201 - LIMONADES SODAS EXTRAIT,117320107 - COLAS,11732010701 - STANDARD,1173201070159 - BOUTEILLE PLASTIQUE INFERIEUR A 100 CL,1380
662080357,B.GAZ COLA COCA PET 30CL,1173 - LIQUIDES NON ALCOOLISES,1173201 - LIMONADES SODAS EXTRAIT,117320107 - COLAS,11732010701 - STANDARD,1173201070159 - BOUTEILLE PLASTIQUE INFERIEUR A 100 CL,1120
662080367,B.GAZ BOGA LIM PET 30CL,1173 - LIQUIDES NON ALCOOLISES,1173201 - LIMONADES SODAS EXTRAIT,117320107 - COLAS,11732010701 - STANDARD,1173201070159 - BOUTEILLE PLASTIQUE INFERIEUR A 100 CL,1100
662080377,B.GAZ COCA COLA ZERO PET 30CL,1173 - LIQUIDES NON ALCOOLISES,1173201 - LIMONADES SODAS EXTRAIT,117320107 - COLAS,11732010701 - STANDARD,1173201070159 - BOUTEILLE PLASTIQUE INFERIEUR A 100 CL,1260
662080387,B.GAZ BOGA MOJITO PET 30CL,1173 - LIQUIDES NON ALCOOLISES,1173201 - LIMONADES SODAS EXTRAIT,117320107 - COLAS,11732010701 - STANDARD,1173201070159 - BOUTEILLE PLASTIQUE INFERIEUR A 100 CL,1200
662080417,FANTA ORANGE PET 30 CL,1173 - LIQUIDES NON ALCOOLISES,1173201 - LIMONADES SODAS EXTRAIT,117320107 - COLAS,11732010701 - STANDARD,1173201070159 - BOUTEILLE PLASTIQUE INFERIEUR A 100 CL,1120
662080427,B.GAZ BOGA SS SUCRE PET 30CL,1173 - LIQUIDES NON ALCOOLISES,1173201 - LIMONADES SODAS EXTRAIT,117320107 - COLAS,11732010701 - STANDARD,1173201070159 - BOUTEILLE PLASTIQUE INFERIEUR A 100 CL,1260
662080467,B.G PULPE PUNCH PET 30 CL,1173 - LIQUIDES NON ALCOOLISES,1173201 - LIMONADES SODAS EXTRAIT,117320107 - COLAS,11732010701 - STANDARD,1173201070159 - BOUTEILLE PLASTIQUE INFERIEUR A 100 CL,980
662140297,B.GAZ FANTA TROPICAL PET 50Cl,1173 - LIQUIDES NON ALCOOLISES,1173201 - LIMONADES SODAS EXTRAIT,117320107 - COLAS,11732010701 - STANDARD,1173201070159 - BOUTEILLE PLASTIQUE INFERIEUR A 100 CL,1390
662280137,B.GAZ BOGA CIDRE PET 30CL,1173 - LIQUIDES NON ALCOOLISES,1173201 - LIMONADES SODAS EXTRAIT,117320107 - COLAS,11732010701 - STANDARD,1173201070159 - BOUTEILLE PLASTIQUE INFERIEUR A 100 CL,1100
662000077,B.Gaz COCA COCA Bte 24Cl,1173 - LIQUIDES NON ALCOOLISES,1173201 - LIMONADES SODAS EXTRAIT,117320107 - COLAS,11732010701 - STANDARD,1173201070162 - BOITE METAL,1200
662080027,"B.Gaz Cola Zero COCA Pet 1,5L",1173 - LIQUIDES NON ALCOOLISES,1173201 - LIMONADES SODAS EXTRAIT,117320107 - COLAS,11732010720 - STANDARD LIGHT,1173201072058 - BOUTEILLE PLASTIQUE SUPERIEUR OU = 100CL,2840
662080227,B.Gaz Cola Zero COCA Pet 1L,1173 - LIQUIDES NON ALCOOLISES,1173201 - LIMONADES SODAS EXTRAIT,117320107 - COLAS,11732010720 - STANDARD LIGHT,1173201072058 - BOUTEILLE PLASTIQUE SUPERIEUR OU = 100CL,2280
662080237,B.GAZ COLA ZERO COCA PET 50CL,1173 - LIQUIDES NON ALCOOLISES,1173201 - LIMONADES SODAS EXTRAIT,117320107 - COLAS,11732010720 - STANDARD LIGHT,1173201072059 - BOUTEILLE PLASTIQUE INFERIEUR A 100 CL,1310
662100777,B.Gaz COCA COLA ZERO Bte 24Cl,1173 - LIQUIDES NON ALCOOLISES,1173201 - LIMONADES SODAS EXTRAIT,117320107 - COLAS,11732010720 - STANDARD LIGHT,1173201072062 - BOITE METAL,1240
662140387,B.Gaz ORANGINA Bte 24Cl,1173 - LIQUIDES NON ALCOOLISES,1173201 - LIMONADES SODAS EXTRAIT,117320109 - SODAS AUX EXTRAITS DE FRUITS,11732010901 - ORANGE,1173201090156 - BOUTEILLE VERRE INFERIEUR OU = A  50 CL,1450
662080477,B.Gaz Lim PUNCH PET 1.5L,1173 - LIQUIDES NON ALCOOLISES,1173201 - LIMONADES SODAS EXTRAIT,117320109 - SODAS AUX EXTRAITS DE FRUITS,11732010901 - ORANGE,1173201090158 - BOUTEILLE PLASTIQUE SUPERIEUR OU = 100CL,2990
662080487,B.Gaz Lim PUNCH PET 1L,1173 - LIQUIDES NON ALCOOLISES,1173201 - LIMONADES SODAS EXTRAIT,117320109 - SODAS AUX EXTRAITS DE FRUITS,11732010901 - ORANGE,1173201090158 - BOUTEILLE PLASTIQUE SUPERIEUR OU = 100CL,2570
662100017,B.Gaz Orange FANTA Pet 1L,1173 - LIQUIDES NON ALCOOLISES,1173201 - LIMONADES SODAS EXTRAIT,117320109 - SODAS AUX EXTRAITS DE FRUITS,11732010901 - ORANGE,1173201090158 - BOUTEILLE PLASTIQUE SUPERIEUR OU = 100CL,2360
662100207,"B.Gaz Orange FANTA Pet 1,5L",1173 - LIQUIDES NON ALCOOLISES,1173201 - LIMONADES SODAS EXTRAIT,117320109 - SODAS AUX EXTRAITS DE FRUITS,11732010901 - ORANGE,1173201090158 - BOUTEILLE PLASTIQUE SUPERIEUR OU = 100CL,2990
662140317,B.Gaz TROPICO Pet 1.5L,1173 - LIQUIDES NON ALCOOLISES,1173201 - LIMONADES SODAS EXTRAIT,117320109 - SODAS AUX EXTRAITS DE FRUITS,11732010901 - ORANGE,1173201090158 - BOUTEILLE PLASTIQUE SUPERIEUR OU = 100CL,2590
662140327,B.Gaz TROPICO Pet 1L,1173 - LIQUIDES NON ALCOOLISES,1173201 - LIMONADES SODAS EXTRAIT,117320109 - SODAS AUX EXTRAITS DE FRUITS,11732010901 - ORANGE,1173201090158 - BOUTEILLE PLASTIQUE SUPERIEUR OU = 100CL,2490
662140417,"B.Gaz Au Pulpe Orange ORANGINA Pet 1,2L",1173 - LIQUIDES NON ALCOOLISES,1173201 - LIMONADES SODAS EXTRAIT,117320109 - SODAS AUX EXTRAITS DE FRUITS,11732010901 - ORANGE,1173201090158 - BOUTEILLE PLASTIQUE SUPERIEUR OU = 100CL,2990
662180267,"B.Gaz Orange VIVA Pet 1,5L",1173 - LIQUIDES NON ALCOOLISES,1173201 - LIMONADES SODAS EXTRAIT,117320109 - SODAS AUX EXTRAITS DE FRUITS,11732010901 - ORANGE,1173201090158 - BOUTEILLE PLASTIQUE SUPERIEUR OU = 100CL,2590
662181407,B.Gaz Orange PUNCH PET 1.5L,1173 - LIQUIDES NON ALCOOLISES,1173201 - LIMONADES SODAS EXTRAIT,117320109 - SODAS AUX EXTRAITS DE FRUITS,11732010901 - ORANGE,1173201090158 - BOUTEILLE PLASTIQUE SUPERIEUR OU = 100CL,2060
662181447,B.Gaz Au Pulpe Orange PUNCH Pet 1.5L,1173 - LIQUIDES NON ALCOOLISES,1173201 - LIMONADES SODAS EXTRAIT,117320109 - SODAS AUX EXTRAITS DE FRUITS,11732010901 - ORANGE,1173201090158 - BOUTEILLE PLASTIQUE SUPERIEUR OU = 100CL,2140
662181727,B.Gaz Orange PUNCH PET 1L,1173 - LIQUIDES NON ALCOOLISES,1173201 - LIMONADES SODAS EXTRAIT,117320109 - SODAS AUX EXTRAITS DE FRUITS,11732010901 - ORANGE,1173201090158 - BOUTEILLE PLASTIQUE SUPERIEUR OU = 100CL,2700
662181767,B.Gaz Au Pulpe Orange PUNCH Pet 1L,1173 - LIQUIDES NON ALCOOLISES,1173201 - LIMONADES SODAS EXTRAIT,117320109 - SODAS AUX EXTRAITS DE FRUITS,11732010901 - ORANGE,1173201090158 - BOUTEILLE PLASTIQUE SUPERIEUR OU = 100CL,2550
662100327,B.GAZ ORANGE FANTA PET 50CL,1173 - LIQUIDES NON ALCOOLISES,1173201 - LIMONADES SODAS EXTRAIT,117320109 - SODAS AUX EXTRAITS DE FRUITS,11732010901 - ORANGE,1173201090159 - BOUTEILLE PLASTIQUE INFERIEUR A 100 CL,1380
662140337,B.Gaz TROPICO Pet 50CL,1173 - LIQUIDES NON ALCOOLISES,1173201 - LIMONADES SODAS EXTRAIT,117320109 - SODAS AUX EXTRAITS DE FRUITS,11732010901 - ORANGE,1173201090159 - BOUTEILLE PLASTIQUE INFERIEUR A 100 CL,1450
662140397,B.Gaz Au Pulpe Orange ORANGINA Pet 40CL,1173 - LIQUIDES NON ALCOOLISES,1173201 - LIMONADES SODAS EXTRAIT,117320109 - SODAS AUX EXTRAITS DE FRUITS,11732010901 - ORANGE,1173201090159 - BOUTEILLE PLASTIQUE INFERIEUR A 100 CL,950
662140407,B.Gaz Au Pulpe Orange ORANGINA Pet 80CL,1173 - LIQUIDES NON ALCOOLISES,1173201 - LIMONADES SODAS EXTRAIT,117320109 - SODAS AUX EXTRAITS DE FRUITS,11732010901 - ORANGE,1173201090159 - BOUTEILLE PLASTIQUE INFERIEUR A 100 CL,2490
662181457,B.Gaz Orange PUNCH PET 0.5L,1173 - LIQUIDES NON ALCOOLISES,1173201 - LIMONADES SODAS EXTRAIT,117320109 - SODAS AUX EXTRAITS DE FRUITS,11732010901 - ORANGE,1173201090159 - BOUTEILLE PLASTIQUE INFERIEUR A 100 CL,1490
662181497,B.Gaz Au Pulpe Orange PUNCH Pet 0.5L,1173 - LIQUIDES NON ALCOOLISES,1173201 - LIMONADES SODAS EXTRAIT,117320109 - SODAS AUX EXTRAITS DE FRUITS,11732010901 - ORANGE,1173201090159 - BOUTEILLE PLASTIQUE INFERIEUR A 100 CL,1700
662000087,B.Gaz FANTA Orange Bte 24Cl,1173 - LIQUIDES NON ALCOOLISES,1173201 - LIMONADES SODAS EXTRAIT,117320109 - SODAS AUX EXTRAITS DE FRUITS,11732010901 - ORANGE,1173201090162 - BOITE METAL,1200
662100057,B.Gaz Citron FANTA Pet 1L,1173 - LIQUIDES NON ALCOOLISES,1173201 - LIMONADES SODAS EXTRAIT,117320109 - SODAS AUX EXTRAITS DE FRUITS,11732010913 - CITRON,1173201091358 - BOUTEILLE PLASTIQUE SUPERIEUR OU = 100CL,2360
662100217,"B.Gaz Citron FANTA Pet 1,5L",1173 - LIQUIDES NON ALCOOLISES,1173201 - LIMONADES SODAS EXTRAIT,117320109 - SODAS AUX EXTRAITS DE FRUITS,11732010913 - CITRON,1173201091358 - BOUTEILLE PLASTIQUE SUPERIEUR OU = 100CL,2990
662140347,B.Gaz Ananas PUNCH PET 1.5L,1173 - LIQUIDES NON ALCOOLISES,1173201 - LIMONADES SODAS EXTRAIT,117320109 - SODAS AUX EXTRAITS DE FRUITS,11732010913 - CITRON,1173201091358 - BOUTEILLE PLASTIQUE SUPERIEUR OU = 100CL,2990
662180036,B.Gaz Citron SCHWEPPES Pet 1L,1173 - LIQUIDES NON ALCOOLISES,1173201 - LIMONADES SODAS EXTRAIT,117320109 - SODAS AUX EXTRAITS DE FRUITS,11732010913 - CITRON,1173201091358 - BOUTEILLE PLASTIQUE SUPERIEUR OU = 100CL,2590
662180318,B.Gaz SPRITE Pet 1L,1173 - LIQUIDES NON ALCOOLISES,1173201 - LIMONADES SODAS EXTRAIT,117320109 - SODAS AUX EXTRAITS DE FRUITS,11732010913 - CITRON,1173201091358 - BOUTEILLE PLASTIQUE SUPERIEUR OU = 100CL,2360
662180837,B.Gaz Citron VIVA Pet 1L,1173 - LIQUIDES NON ALCOOLISES,1173201 - LIMONADES SODAS EXTRAIT,117320109 - SODAS AUX EXTRAITS DE FRUITS,11732010913 - CITRON,1173201091358 - BOUTEILLE PLASTIQUE SUPERIEUR OU = 100CL,2340
662181027,"B.Gaz Citron VIVA Pet 1,5L",1173 - LIQUIDES NON ALCOOLISES,1173201 - LIMONADES SODAS EXTRAIT,117320109 - SODAS AUX EXTRAITS DE FRUITS,11732010913 - CITRON,1173201091358 - BOUTEILLE PLASTIQUE SUPERIEUR OU = 100CL,2590
662181427,B.Gaz Citron PUNCH PET 1.5L,1173 - LIQUIDES NON ALCOOLISES,1173201 - LIMONADES SODAS EXTRAIT,117320109 - SODAS AUX EXTRAITS DE FRUITS,11732010913 - CITRON,1173201091358 - BOUTEILLE PLASTIQUE SUPERIEUR OU = 100CL,2960
662181747,B.Gaz Citron PUNCH PET 1L,1173 - LIQUIDES NON ALCOOLISES,1173201 - LIMONADES SODAS EXTRAIT,117320109 - SODAS AUX EXTRAITS DE FRUITS,11732010913 - CITRON,1173201091358 - BOUTEILLE PLASTIQUE SUPERIEUR OU = 100CL,2520
662187236,"B.Gaz SPRITE Pet 1,5L",1173 - LIQUIDES NON ALCOOLISES,1173201 - LIMONADES SODAS EXTRAIT,117320109 - SODAS AUX EXTRAITS DE FRUITS,11732010913 - CITRON,1173201091358 - BOUTEILLE PLASTIQUE SUPERIEUR OU = 100CL,2990
662100567,B.Gaz Citron FANTA Pet 50CL,1173 - LIQUIDES NON ALCOOLISES,1173201 - LIMONADES SODAS EXTRAIT,117320109 - SODAS AUX EXTRAITS DE FRUITS,11732010913 - CITRON,1173201091359 - BOUTEILLE PLASTIQUE INFERIEUR A 100 CL,1390
662140367,B.GAZ FANTA CITRON PET 30CL,1173 - LIQUIDES NON ALCOOLISES,1173201 - LIMONADES SODAS EXTRAIT,117320109 - SODAS AUX EXTRAITS DE FRUITS,11732010913 - CITRON,1173201091359 - BOUTEILLE PLASTIQUE INFERIEUR A 100 CL,1120
662180056,B.Gaz Citron SCHWEPPES Pet 50CL,1173 - LIQUIDES NON ALCOOLISES,1173201 - LIMONADES SODAS EXTRAIT,117320109 - SODAS AUX EXTRAITS DE FRUITS,11732010913 - CITRON,1173201091359 - BOUTEILLE PLASTIQUE INFERIEUR A 100 CL,1690
662180328,B.Gaz SPRITE Pet 50CL,1173 - LIQUIDES NON ALCOOLISES,1173201 - LIMONADES SODAS EXTRAIT,117320109 - SODAS AUX EXTRAITS DE FRUITS,11732010913 - CITRON,1173201091359 - BOUTEILLE PLASTIQUE INFERIEUR A 100 CL,1390
662180517,B.Gaz Citron VIVA Pet 50CL,1173 - LIQUIDES NON ALCOOLISES,1173201 - LIMONADES SODAS EXTRAIT,117320109 - SODAS AUX EXTRAITS DE FRUITS,11732010913 - CITRON,1173201091359 - BOUTEILLE PLASTIQUE INFERIEUR A 100 CL,1460
662181477,B.Gaz Citron PUNCH PET 0.5L,1173 - LIQUIDES NON ALCOOLISES,1173201 - LIMONADES SODAS EXTRAIT,117320109 - SODAS AUX EXTRAITS DE FRUITS,11732010913 - CITRON,1173201091359 - BOUTEILLE PLASTIQUE INFERIEUR A 100 CL,1490
662100767,B.Gaz Fanta Ctron Bte 24Cl,1173 - LIQUIDES NON ALCOOLISES,1173201 - LIMONADES SODAS EXTRAIT,117320109 - SODAS AUX EXTRAITS DE FRUITS,11732010913 - CITRON,1173201091362 - BOITE METAL,1240
662100167,B.Gaz Pomme APLA Pet 1L,1173 - LIQUIDES NON ALCOOLISES,1173201 - LIMONADES SODAS EXTRAIT,117320109 - SODAS AUX EXTRAITS DE FRUITS,11732010915 - POMME,1173201091558 - BOUTEILLE PLASTIQUE SUPERIEUR OU = 100CL,2360
662100557,"B.Gaz Pomme APLA Pet 1,5L",1173 - LIQUIDES NON ALCOOLISES,1173201 - LIMONADES SODAS EXTRAIT,117320109 - SODAS AUX EXTRAITS DE FRUITS,11732010915 - POMME,1173201091558 - BOUTEILLE PLASTIQUE SUPERIEUR OU = 100CL,2990
662140287,B.GAZ FANTA TROPICAL PET 1.5L,1173 - LIQUIDES NON ALCOOLISES,1173201 - LIMONADES SODAS EXTRAIT,117320109 - SODAS AUX EXTRAITS DE FRUITS,11732010915 - POMME,1173201091558 - BOUTEILLE PLASTIQUE SUPERIEUR OU = 100CL,2990
662180347,"B.Gaz Pomme FANTA Pet 1,5L",1173 - LIQUIDES NON ALCOOLISES,1173201 - LIMONADES SODAS EXTRAIT,117320109 - SODAS AUX EXTRAITS DE FRUITS,11732010915 - POMME,1173201091558 - BOUTEILLE PLASTIQUE SUPERIEUR OU = 100CL,2990
662180358,B.Gaz Pomme FANTA Pet 1L,1173 - LIQUIDES NON ALCOOLISES,1173201 - LIMONADES SODAS EXTRAIT,117320109 - SODAS AUX EXTRAITS DE FRUITS,11732010915 - POMME,1173201091558 - BOUTEILLE PLASTIQUE SUPERIEUR OU = 100CL,2360
662181167,"B.Gaz Pomme VIVA Pet 1,5L",1173 - LIQUIDES NON ALCOOLISES,1173201 - LIMONADES SODAS EXTRAIT,117320109 - SODAS AUX EXTRAITS DE FRUITS,11732010915 - POMME,1173201091558 - BOUTEILLE PLASTIQUE SUPERIEUR OU = 100CL,3090
662181417,B.Gaz Pomme PUNCH PET 1.5L,1173 - LIQUIDES NON ALCOOLISES,1173201 - LIMONADES SODAS EXTRAIT,117320109 - SODAS AUX EXTRAITS DE FRUITS,11732010915 - POMME,1173201091558 - BOUTEILLE PLASTIQUE SUPERIEUR OU = 100CL,2990
662181737,B.Gaz Pomme PUNCH PET 1L,1173 - LIQUIDES NON ALCOOLISES,1173201 - LIMONADES SODAS EXTRAIT,117320109 - SODAS AUX EXTRAITS DE FRUITS,11732010915 - POMME,1173201091558 - BOUTEILLE PLASTIQUE SUPERIEUR OU = 100CL,2520
662100467,B.Gaz Pomme APLA Pet 50CL,1173 - LIQUIDES NON ALCOOLISES,1173201 - LIMONADES SODAS EXTRAIT,117320109 - SODAS AUX EXTRAITS DE FRUITS,11732010915 - POMME,1173201091559 - BOUTEILLE PLASTIQUE INFERIEUR A 100 CL,1390
662140377,B.GAZ FANTA POMME PET 30CL,1173 - LIQUIDES NON ALCOOLISES,1173201 - LIMONADES SODAS EXTRAIT,117320109 - SODAS AUX EXTRAITS DE FRUITS,11732010915 - POMME,1173201091559 - BOUTEILLE PLASTIQUE INFERIEUR A 100 CL,1100
662181467,B.Gaz Pomme PUNCH PET 0.5L,1173 - LIQUIDES NON ALCOOLISES,1173201 - LIMONADES SODAS EXTRAIT,117320109 - SODAS AUX EXTRAITS DE FRUITS,11732010915 - POMME,1173201091559 - BOUTEILLE PLASTIQUE INFERIEUR A 100 CL,1150
662187286,B.Gaz Pomme FANTA Pet 0.5L,1173 - LIQUIDES NON ALCOOLISES,1173201 - LIMONADES SODAS EXTRAIT,117320109 - SODAS AUX EXTRAITS DE FRUITS,11732010915 - POMME,1173201091559 - BOUTEILLE PLASTIQUE INFERIEUR A 100 CL,1390
662187547,B.Gaz Chani Raoua Pet 50CL,1173 - LIQUIDES NON ALCOOLISES,1173201 - LIMONADES SODAS EXTRAIT,117320109 - SODAS AUX EXTRAITS DE FRUITS,11732010915 - POMME,1173201091559 - BOUTEILLE PLASTIQUE INFERIEUR A 100 CL,1420
662000187,B.Gaz Apla Bte 24Cl,1173 - LIQUIDES NON ALCOOLISES,1173201 - LIMONADES SODAS EXTRAIT,117320109 - SODAS AUX EXTRAITS DE FRUITS,11732010915 - POMME,1173201091562 - BOITE METAL,1240
662100177,B.Gaz Ananas SCHWEPPES Pet 1L,1173 - LIQUIDES NON ALCOOLISES,1173201 - LIMONADES SODAS EXTRAIT,117320109 - SODAS AUX EXTRAITS DE FRUITS,11732010999 - AUTRES,1173201099902 - X1,2590
662100237,"B.Gaz Ananas SCHWEPPES Pet 1,5L",1173 - LIQUIDES NON ALCOOLISES,1173201 - LIMONADES SODAS EXTRAIT,117320109 - SODAS AUX EXTRAITS DE FRUITS,11732010999 - AUTRES,1173201099902 - X1,2990
662180116,B.Gaz Agrume SCHWEPPES Pet 50CL,1173 - LIQUIDES NON ALCOOLISES,1173201 - LIMONADES SODAS EXTRAIT,117320109 - SODAS AUX EXTRAITS DE FRUITS,11732010999 - AUTRES,1173201099902 - X1,1690
662180216,B.Gaz Agrume SCHWEPPES Pet 1L,1173 - LIQUIDES NON ALCOOLISES,1173201 - LIMONADES SODAS EXTRAIT,117320109 - SODAS AUX EXTRAITS DE FRUITS,11732010999 - AUTRES,1173201099902 - X1,2590
662180257,"B.Gaz Peche VIVA Pet 1,5L",1173 - LIQUIDES NON ALCOOLISES,1173201 - LIMONADES SODAS EXTRAIT,117320109 - SODAS AUX EXTRAITS DE FRUITS,11732010999 - AUTRES,1173201099902 - X1,3090
662180497,B.Gaz Peche VIVA Pet 1L,1173 - LIQUIDES NON ALCOOLISES,1173201 - LIMONADES SODAS EXTRAIT,117320109 - SODAS AUX EXTRAITS DE FRUITS,11732010999 - AUTRES,1173201099902 - X1,2490
662180627,B.Gaz Peche VIVA Pet 50CL,1173 - LIQUIDES NON ALCOOLISES,1173201 - LIMONADES SODAS EXTRAIT,117320109 - SODAS AUX EXTRAITS DE FRUITS,11732010999 - AUTRES,1173201099902 - X1,1520
662181337,"B.Gaz RAOUA CASSIS FRAMBOISE PET 1,5L",1173 - LIQUIDES NON ALCOOLISES,1173201 - LIMONADES SODAS EXTRAIT,117320109 - SODAS AUX EXTRAITS DE FRUITS,11732010999 - AUTRES,1173201099902 - X1,3090
662181587,"B.Gaz VIVA CASSIS FRAMBOISE PET 1,5L",1173 - LIQUIDES NON ALCOOLISES,1173201 - LIMONADES SODAS EXTRAIT,117320109 - SODAS AUX EXTRAITS DE FRUITS,11732010999 - AUTRES,1173201099902 - X1,3090
662187537,B.GAZ MOJITO BOGA PET 50CL,1173 - LIQUIDES NON ALCOOLISES,1173201 - LIMONADES SODAS EXTRAIT,117320109 - SODAS AUX EXTRAITS DE FRUITS,11732010999 - AUTRES,1173201099902 - X1,1390
662187577,B.Gaz Grenade PUNCH PET 1.5L,1173 - LIQUIDES NON ALCOOLISES,1173201 - LIMONADES SODAS EXTRAIT,117320109 - SODAS AUX EXTRAITS DE FRUITS,11732010999 - AUTRES,1173201099902 - X1,3200
662187587,B.Gaz Grenade PUNCH PET 30CL,1173 - LIQUIDES NON ALCOOLISES,1173201 - LIMONADES SODAS EXTRAIT,117320109 - SODAS AUX EXTRAITS DE FRUITS,11732010999 - AUTRES,1173201099902 - X1,1150
662140437,B.GAZ ORANGINA ZERO PET 0.4 L,1173 - LIQUIDES NON ALCOOLISES,1173201 - LIMONADES SODAS EXTRAIT,117320111 - BOISSONS AUX FRUITS GAZEUSES,11732011199 - AUTRES,1173201119959 - BOUTEILLE PLASTIQUE INFERIEUR A 100 CL,1380
662140457,B.GAZ ORANGINA ZERO PET 0.8 L,1173 - LIQUIDES NON ALCOOLISES,1173201 - LIMONADES SODAS EXTRAIT,117320111 - BOISSONS AUX FRUITS GAZEUSES,11732011199 - AUTRES,1173201119959 - BOUTEILLE PLASTIQUE INFERIEUR A 100 CL,2290
662080437,B.G CIDRE PUNCH PET 30 CL,1173 - LIQUIDES NON ALCOOLISES,1173201 - LIMONADES SODAS EXTRAIT,117320111 - BOISSONS AUX FRUITS GAZEUSES,11732011199 - AUTRES,1173201119962 - BOITE METAL,1140
662080447,B.G POMME PUNCH PET 30 CL,1173 - LIQUIDES NON ALCOOLISES,1173201 - LIMONADES SODAS EXTRAIT,117320111 - BOISSONS AUX FRUITS GAZEUSES,11732011199 - AUTRES,1173201119962 - BOITE METAL,1140
662080457,B.G ORANGE PUNCH PET 30 CL,1173 - LIQUIDES NON ALCOOLISES,1173201 - LIMONADES SODAS EXTRAIT,117320111 - BOISSONS AUX FRUITS GAZEUSES,11732011199 - AUTRES,1173201119962 - BOITE METAL,1140
662140357,B.Gaz Ananas PUNCH PET 30CL,1173 - LIQUIDES NON ALCOOLISES,1173201 - LIMONADES SODAS EXTRAIT,117320111 - BOISSONS AUX FRUITS GAZEUSES,11732011199 - AUTRES,1173201119962 - BOITE METAL,1250
662640027,B.Energetique SHARK Bte 25CL,1173 - LIQUIDES NON ALCOOLISES,1173201 - LIMONADES SODAS EXTRAIT,117320115 - BOISSONS ENERGETIQUES,11732011599 - AUTRES,1173201159962 - BOITE METAL,4490
662640037,B.Energetique LINX Bte 25CL,1173 - LIQUIDES NON ALCOOLISES,1173201 - LIMONADES SODAS EXTRAIT,117320115 - BOISSONS ENERGETIQUES,11732011599 - AUTRES,1173201159962 - BOITE METAL,3150
662640098,B.Energetique REDBULL bte 25CL,1173 - LIQUIDES NON ALCOOLISES,1173201 - LIMONADES SODAS EXTRAIT,117320115 - BOISSONS ENERGETIQUES,11732011599 - AUTRES,1173201159962 - BOITE METAL,4990
662640118,B Energetique SHARK Stimulation Bte 25CL,1173 - LIQUIDES NON ALCOOLISES,1173201 - LIMONADES SODAS EXTRAIT,117320115 - BOISSONS ENERGETIQUES,11732011599 - AUTRES,1173201159962 - BOITE METAL,5550
662640128,B.Energetique classic HELL  Bte 25CL,1173 - LIQUIDES NON ALCOOLISES,1173201 - LIMONADES SODAS EXTRAIT,117320115 - BOISSONS ENERGETIQUES,11732011599 - AUTRES,1173201159962 - BOITE METAL,3890
662640138,B.Energetique raisin rouge HELL  Bte 25CL,1173 - LIQUIDES NON ALCOOLISES,1173201 - LIMONADES SODAS EXTRAIT,117320115 - BOISSONS ENERGETIQUES,11732011599 - AUTRES,1173201159962 - BOITE METAL,3890
662640148,B.Energetique pomme HELL  Bte 25CL,1173 - LIQUIDES NON ALCOOLISES,1173201 - LIMONADES SODAS EXTRAIT,117320115 - BOISSONS ENERGETIQUES,11732011599 - AUTRES,1173201159962 - BOITE METAL,3890
662640348,B.Energetique POWER HORSE 25CL,1173 - LIQUIDES NON ALCOOLISES,1173201 - LIMONADES SODAS EXTRAIT,117320115 - BOISSONS ENERGETIQUES,11732011599 - AUTRES,1173201159962 - BOITE METAL,3740
662640358,B.Energetique SUGAR FREE POWER HORSE 25CL,1173 - LIQUIDES NON ALCOOLISES,1173201 - LIMONADES SODAS EXTRAIT,117320115 - BOISSONS ENERGETIQUES,11732011599 - AUTRES,1173201159962 - BOITE METAL,5140
662640368,B.Energetique Grenadine POWER HORSE 25CL,1173 - LIQUIDES NON ALCOOLISES,1173201 - LIMONADES SODAS EXTRAIT,117320115 - BOISSONS ENERGETIQUES,11732011599 - AUTRES,1173201159962 - BOITE METAL,5340
663201798,Boisson Ice tea Didi bergamotte bte 250ml,1173 - LIQUIDES NON ALCOOLISES,1173201 - LIMONADES SODAS EXTRAIT,117320119 - BOISSONS A BASE DE THE,11732011903 - PLATES,1173201190362 - BOITE METAL,2390
663201808,Boisson Ice tea Didi citron bte 250ml,1173 - LIQUIDES NON ALCOOLISES,1173201 - LIMONADES SODAS EXTRAIT,117320119 - BOISSONS A BASE DE THE,11732011903 - PLATES,1173201190362 - BOITE METAL,2390
663201818,Boisson Ice tea Didi p\00EAche bte 250ml,1173 - LIQUIDES NON ALCOOLISES,1173201 - LIMONADES SODAS EXTRAIT,117320119 - BOISSONS A BASE DE THE,11732011903 - PLATES,1173201190362 - BOITE METAL,3390
663283647,Jus 100  raisin Natura Blle 75CL,1173 - LIQUIDES NON ALCOOLISES,1173202 - JUS DE FRUITS,117320201 - PUR JUS DE FRUITS,11732020107 - RAISIN,1173202010757 - BOUTEILLE VERRE SUPERIEUR OU = A  50CL,8750
663283717,Jus 100 Grenade et Fleur Oranger Natura Blle 75CL,1173 - LIQUIDES NON ALCOOLISES,1173202 - JUS DE FRUITS,117320201 - PUR JUS DE FRUITS,11732020107 - RAISIN,1173202010757 - BOUTEILLE VERRE SUPERIEUR OU = A  50CL,8930
663283727,Jus 100 Grenade Natura Blle 75CL,1173 - LIQUIDES NON ALCOOLISES,1173202 - JUS DE FRUITS,117320201 - PUR JUS DE FRUITS,11732020107 - RAISIN,1173202010757 - BOUTEILLE VERRE SUPERIEUR OU = A  50CL,9190
663283597,Jus 100  Naturel Pomme  Natura Blle 75CL,1173 - LIQUIDES NON ALCOOLISES,1173202 - JUS DE FRUITS,117320201 - PUR JUS DE FRUITS,11732020109 - POMME,1173202010957 - BOUTEILLE VERRE SUPERIEUR OU = A  50CL,8750
663283627,Jus 100 Prune Natura Blle 75CL,1173 - LIQUIDES NON ALCOOLISES,1173202 - JUS DE FRUITS,117320201 - PUR JUS DE FRUITS,11732020109 - POMME,1173202010957 - BOUTEILLE VERRE SUPERIEUR OU = A  50CL,8930
663201458,Jus 100 Naturel Raisin Noir Natura Blle 75CL,1173 - LIQUIDES NON ALCOOLISES,1173202 - JUS DE FRUITS,117320201 - PUR JUS DE FRUITS,11732020199 - AUTRES,1173202019936 - AUTRES,9190
663201708,Jus 100 Naturel Peche Natura Blle 25CL,1173 - LIQUIDES NON ALCOOLISES,1173202 - JUS DE FRUITS,117320201 - PUR JUS DE FRUITS,11732020199 - AUTRES,1173202019936 - AUTRES,3520
663201718,Jus 100 Naturel Raisin Natura Blle 25CL,1173 - LIQUIDES NON ALCOOLISES,1173202 - JUS DE FRUITS,117320201 - PUR JUS DE FRUITS,11732020199 - AUTRES,1173202019936 - AUTRES,3520
663201748,Jus 100 Naturel Raisin Rouge Natura Blle 75CL,1173 - LIQUIDES NON ALCOOLISES,1173202 - JUS DE FRUITS,117320201 - PUR JUS DE FRUITS,11732020199 - AUTRES,1173202019936 - AUTRES,9190
662500028,B.instantane Citron FRUITO St 30Gr,1173 - LIQUIDES NON ALCOOLISES,1173202 - JUS DE FRUITS,117320202 - BOISSON  INSTANTANEE,11732020201 - CITRON,1173202020101 - < 50 GR,820
662580028,B.instantane citron SANGO st30gr,1173 - LIQUIDES NON ALCOOLISES,1173202 - JUS DE FRUITS,117320202 - BOISSON  INSTANTANEE,11732020201 - CITRON,1173202020101 - < 50 GR,800
662500038,B.instantan Mangue FRUITO Sh 30Gr,1173 - LIQUIDES NON ALCOOLISES,1173202 - JUS DE FRUITS,117320202 - BOISSON  INSTANTANEE,11732020202 - MANGUE,1173202020201 - < 50 GR,820
662500288,B.instantane Cocktail FRUITO Sh 30Gr,1173 - LIQUIDES NON ALCOOLISES,1173202 - JUS DE FRUITS,117320202 - BOISSON  INSTANTANEE,11732020203 - COCKTAIL,1173202020301 - < 50 GR,840
662500018,B.instantane Orange FRUITO Sh 30Gr,1173 - LIQUIDES NON ALCOOLISES,1173202 - JUS DE FRUITS,117320202 - BOISSON  INSTANTANEE,11732020205 - ORANGE,1173202020501 - < 50 GR,840
662580038,B.instantane orange SANGO st30gr,1173 - LIQUIDES NON ALCOOLISES,1173202 - JUS DE FRUITS,117320202 - BOISSON  INSTANTANEE,11732020205 - ORANGE,1173202020501 - < 50 GR,970
662580048,B.instantane tropical SANGO st30gr,1173 - LIQUIDES NON ALCOOLISES,1173202 - JUS DE FRUITS,117320202 - BOISSON  INSTANTANEE,11732020206 - AUTRES,1173202020601 - < 50 GR,1000
662500128,B.instantane Ananas FRUITO Sh 30Gr,1173 - LIQUIDES NON ALCOOLISES,1173202 - JUS DE FRUITS,117320202 - BOISSON  INSTANTANEE,11732020208 - ANANAS,1173202020801 - < 50 GR,800
662580018,B.instantane ananas SANGO st30gr,1173 - LIQUIDES NON ALCOOLISES,1173202 - JUS DE FRUITS,117320202 - BOISSON  INSTANTANEE,11732020208 - ANANAS,1173202020801 - < 50 GR,1000
662500108,B.instantane Fraise FRUITO Sh 30Gr,1173 - LIQUIDES NON ALCOOLISES,1173202 - JUS DE FRUITS,117320202 - BOISSON  INSTANTANEE,11732020209 - FRAISE,1173202020901 - < 50 GR,840
662580078,B.instantane fraise SANGO st30gr,1173 - LIQUIDES NON ALCOOLISES,1173202 - JUS DE FRUITS,117320202 - BOISSON  INSTANTANEE,11732020209 - FRAISE,1173202020901 - < 50 GR,970
662500158,B.instantane Peche FRUITO Sh 30Gr,1173 - LIQUIDES NON ALCOOLISES,1173202 - JUS DE FRUITS,117320202 - BOISSON  INSTANTANEE,11732020210 - PECHE,1173202021001 - < 50 GR,560
662580058,B.instantane peche SANGO st30gr,1173 - LIQUIDES NON ALCOOLISES,1173202 - JUS DE FRUITS,117320202 - BOISSON  INSTANTANEE,11732020210 - PECHE,1173202021001 - < 50 GR,800
663201638,B.au jus tropical LA FRUITIERE Blle 250ml,1173 - LIQUIDES NON ALCOOLISES,1173202 - JUS DE FRUITS,117320203 - JUS DE FRUITS BASE CONCENTRE,11732020301 - ORANGE,1173202030157 - BOUTEILLE VERRE SUPERIEUR OU = A  50CL,2190
663201648,B.au jus Orange LA FRUITIERE Blle 250ml,1173 - LIQUIDES NON ALCOOLISES,1173202 - JUS DE FRUITS,117320203 - JUS DE FRUITS BASE CONCENTRE,11732020301 - ORANGE,1173202030157 - BOUTEILLE VERRE SUPERIEUR OU = A  50CL,3100
663201658,B.au jus Peche LA FRUITIERE Blle 250ml,1173 - LIQUIDES NON ALCOOLISES,1173202 - JUS DE FRUITS,117320203 - JUS DE FRUITS BASE CONCENTRE,11732020301 - ORANGE,1173202030157 - BOUTEILLE VERRE SUPERIEUR OU = A  50CL,3110
663201668,B.au jus menthe citron LA FRUITIERE Blle 250ml,1173 - LIQUIDES NON ALCOOLISES,1173202 - JUS DE FRUITS,117320203 - JUS DE FRUITS BASE CONCENTRE,11732020301 - ORANGE,1173202030157 - BOUTEILLE VERRE SUPERIEUR OU = A  50CL,2190
663201678,Nectar pomme  La Fruitiere Blle 250ml,1173 - LIQUIDES NON ALCOOLISES,1173202 - JUS DE FRUITS,117320203 - JUS DE FRUITS BASE CONCENTRE,11732020301 - ORANGE,1173202030157 - BOUTEILLE VERRE SUPERIEUR OU = A  50CL,3110
663201688,B.au jus Ananans LA FRUITIERE Blle 250ml,1173 - LIQUIDES NON ALCOOLISES,1173202 - JUS DE FRUITS,117320203 - JUS DE FRUITS BASE CONCENTRE,11732020301 - ORANGE,1173202030157 - BOUTEILLE VERRE SUPERIEUR OU = A  50CL,3490
663283057,B.Au Jus Orange ENERGY STIL Pet 25CL,1173 - LIQUIDES NON ALCOOLISES,1173202 - JUS DE FRUITS,117320203 - JUS DE FRUITS BASE CONCENTRE,11732020301 - ORANGE,1173202030158 - BOUTEILLE PLASTIQUE INFERIEUR A 100 CL,1290
663283087,B.Au Jus Orange STIL Pet 1L,1173 - LIQUIDES NON ALCOOLISES,1173202 - JUS DE FRUITS,117320203 - JUS DE FRUITS BASE CONCENTRE,11732020301 - ORANGE,1173202030159 - BOUTEILLE PLASTIQUE SUPERIEUR OU = 100CL,3290
663283127,B.Au Jus Orange STIL Pet 2L,1173 - LIQUIDES NON ALCOOLISES,1173202 - JUS DE FRUITS,117320203 - JUS DE FRUITS BASE CONCENTRE,11732020301 - ORANGE,1173202030159 - BOUTEILLE PLASTIQUE SUPERIEUR OU = 100CL,4990
663201657,B.Au Jus Ananas DELICE Pqt 1L,1173 - LIQUIDES NON ALCOOLISES,1173202 - JUS DE FRUITS,117320203 - JUS DE FRUITS BASE CONCENTRE,11732020301 - ORANGE,1173202030160 - BRIK,2870
663280977,B.Au Jus Orange Banane OH Pqt 1L,1173 - LIQUIDES NON ALCOOLISES,1173202 - JUS DE FRUITS,117320203 - JUS DE FRUITS BASE CONCENTRE,11732020301 - ORANGE,1173202030160 - BRIK,3570
663281617,B.Au Jus Orange DIVA Pqt 1L,1173 - LIQUIDES NON ALCOOLISES,1173202 - JUS DE FRUITS,117320203 - JUS DE FRUITS BASE CONCENTRE,11732020301 - ORANGE,1173202030160 - BRIK,3420
663283147,B.Au Jus Orange DELICE Pqt 1L,1173 - LIQUIDES NON ALCOOLISES,1173202 - JUS DE FRUITS,117320203 - JUS DE FRUITS BASE CONCENTRE,11732020301 - ORANGE,1173202030160 - BRIK,3120
663283247,B.Au Jus limonada DELICE Pqt 1L,1173 - LIQUIDES NON ALCOOLISES,1173202 - JUS DE FRUITS,117320203 - JUS DE FRUITS BASE CONCENTRE,11732020301 - ORANGE,1173202030160 - BRIK,2870
663283787,B.Au Jus Raisin DELICE Pqt 1L,1173 - LIQUIDES NON ALCOOLISES,1173202 - JUS DE FRUITS,117320203 - JUS DE FRUITS BASE CONCENTRE,11732020301 - ORANGE,1173202030160 - BRIK,2870
663280237,B.Au Jus Orange PTIT DELICE 3x125ML,1173 - LIQUIDES NON ALCOOLISES,1173202 - JUS DE FRUITS,117320203 - JUS DE FRUITS BASE CONCENTRE,11732020301 - ORANGE,1173202030161 - BRIKETTE,1500
663282777,B.Au Jus Orange DELICE Pqt 20CL,1173 - LIQUIDES NON ALCOOLISES,1173202 - JUS DE FRUITS,117320203 - JUS DE FRUITS BASE CONCENTRE,11732020301 - ORANGE,1173202030161 - BRIKETTE,870
663282887,B.Au Jus Orange STIL Pqt 20CL,1173 - LIQUIDES NON ALCOOLISES,1173202 - JUS DE FRUITS,117320203 - JUS DE FRUITS BASE CONCENTRE,11732020301 - ORANGE,1173202030161 - BRIKETTE,1040
663283277,B.Au Jus Orange FRUZZY Pqt 19CL,1173 - LIQUIDES NON ALCOOLISES,1173202 - JUS DE FRUITS,117320203 - JUS DE FRUITS BASE CONCENTRE,11732020301 - ORANGE,1173202030161 - BRIKETTE,810
663283317,B.Au Jus Orange  FRUZZY Pqt 125 ML,1173 - LIQUIDES NON ALCOOLISES,1173202 - JUS DE FRUITS,117320203 - JUS DE FRUITS BASE CONCENTRE,11732020301 - ORANGE,1173202030161 - BRIKETTE,580
663283807,B.Au Jus Fraise Banane STIL Bnino Pqt 20CL,1173 - LIQUIDES NON ALCOOLISES,1173202 - JUS DE FRUITS,117320203 - JUS DE FRUITS BASE CONCENTRE,11732020301 - ORANGE,1173202030161 - BRIKETTE,960
663283817,B.Au Jus Peche STIL Pqt 20CL,1173 - LIQUIDES NON ALCOOLISES,1173202 - JUS DE FRUITS,117320203 - JUS DE FRUITS BASE CONCENTRE,11732020301 - ORANGE,1173202030161 - BRIKETTE,1000
663241567,B.Au Jus au pulpe Orange RANI Bte 24cl,1173 - LIQUIDES NON ALCOOLISES,1173202 - JUS DE FRUITS,117320203 - JUS DE FRUITS BASE CONCENTRE,11732020301 - ORANGE,1173202030162 - BOITE METAL INFERIEUR A 50CL,1960
663283117,B.Au Jus Ananas STIL Pet 1L,1173 - LIQUIDES NON ALCOOLISES,1173202 - JUS DE FRUITS,117320203 - JUS DE FRUITS BASE CONCENTRE,11732020305 - ANANAS,1173202030559 - BOUTEILLE PLASTIQUE SUPERIEUR OU = 100CL,3290
663281627,B.Au Jus Ananas DIVA Pqt 1L,1173 - LIQUIDES NON ALCOOLISES,1173202 - JUS DE FRUITS,117320203 - JUS DE FRUITS BASE CONCENTRE,11732020305 - ANANAS,1173202030560 - BRIK,3420
663282917,B.Au Jus Ananas STIL Pqt 20CL,1173 - LIQUIDES NON ALCOOLISES,1173202 - JUS DE FRUITS,117320203 - JUS DE FRUITS BASE CONCENTRE,11732020305 - ANANAS,1173202030561 - BRIKETTE,960
663282937,B.au Jus Ananas DELICE Pqt 20CL,1173 - LIQUIDES NON ALCOOLISES,1173202 - JUS DE FRUITS,117320203 - JUS DE FRUITS BASE CONCENTRE,11732020305 - ANANAS,1173202030561 - BRIKETTE,870
663241587,B.Au Jus au pulpe Ananas RANI Bte 24cl,1173 - LIQUIDES NON ALCOOLISES,1173202 - JUS DE FRUITS,117320203 - JUS DE FRUITS BASE CONCENTRE,11732020305 - ANANAS,1173202030562 - BOITE METAL INFERIEUR A 50CL,1960
663201667,B.au jus grenade LA FRUITIERE Blle 250ml,1173 - LIQUIDES NON ALCOOLISES,1173202 - JUS DE FRUITS,117320203 - JUS DE FRUITS BASE CONCENTRE,11732020399 - AUTRES,1173202039956 - BOUTEILLE VERRE INFERIEUR A  50 CL,3400
663283047,B.Au Jus Cocktail ENERGY STIL Pet 25CL,1173 - LIQUIDES NON ALCOOLISES,1173202 - JUS DE FRUITS,117320203 - JUS DE FRUITS BASE CONCENTRE,11732020399 - AUTRES,1173202039958 - BOUTEILLE PLASTIQUE INFERIEUR A 100 CL,1290
663283077,B.Au Jus Tropical BNINO STIL Pet 25CL,1173 - LIQUIDES NON ALCOOLISES,1173202 - JUS DE FRUITS,117320203 - JUS DE FRUITS BASE CONCENTRE,11732020399 - AUTRES,1173202039958 - BOUTEILLE PLASTIQUE INFERIEUR A 100 CL,1290
663283677,B.Au Jus Pulpy Orange CAPY Pet 25CL,1173 - LIQUIDES NON ALCOOLISES,1173202 - JUS DE FRUITS,117320203 - JUS DE FRUITS BASE CONCENTRE,11732020399 - AUTRES,1173202039958 - BOUTEILLE PLASTIQUE INFERIEUR A 100 CL,1290
663283737,B.Au Jus Mangue ENERGY STIL Pet 25CL,1173 - LIQUIDES NON ALCOOLISES,1173202 - JUS DE FRUITS,117320203 - JUS DE FRUITS BASE CONCENTRE,11732020399 - AUTRES,1173202039958 - BOUTEILLE PLASTIQUE INFERIEUR A 100 CL,1290
663283097,B.Au Jus Cocktail STIL Pet 1L,1173 - LIQUIDES NON ALCOOLISES,1173202 - JUS DE FRUITS,117320203 - JUS DE FRUITS BASE CONCENTRE,11732020399 - AUTRES,1173202039959 - BOUTEILLE PLASTIQUE SUPERIEUR OU = 100CL,3290
663283107,B.Au Jus Mangue STIL Pet 1L,1173 - LIQUIDES NON ALCOOLISES,1173202 - JUS DE FRUITS,117320203 - JUS DE FRUITS BASE CONCENTRE,11732020399 - AUTRES,1173202039959 - BOUTEILLE PLASTIQUE SUPERIEUR OU = 100CL,3530
663283137,B.Au Jus Cocktail STIL Pet 2L,1173 - LIQUIDES NON ALCOOLISES,1173202 - JUS DE FRUITS,117320203 - JUS DE FRUITS BASE CONCENTRE,11732020399 - AUTRES,1173202039959 - BOUTEILLE PLASTIQUE SUPERIEUR OU = 100CL,4990
663283227,B.Au Jus BNINO Tropical STIL Pet 1L,1173 - LIQUIDES NON ALCOOLISES,1173202 - JUS DE FRUITS,117320203 - JUS DE FRUITS BASE CONCENTRE,11732020399 - AUTRES,1173202039959 - BOUTEILLE PLASTIQUE SUPERIEUR OU = 100CL,3290
663283697,B.Au Jus Pulpy Orange CAPY Pet 1L,1173 - LIQUIDES NON ALCOOLISES,1173202 - JUS DE FRUITS,117320203 - JUS DE FRUITS BASE CONCENTRE,11732020399 - AUTRES,1173202039959 - BOUTEILLE PLASTIQUE SUPERIEUR OU = 100CL,3200
663244258,B.Au Jus orange BEYTI Pqt 23.5CL,1173 - LIQUIDES NON ALCOOLISES,1173202 - JUS DE FRUITS,117320203 - JUS DE FRUITS BASE CONCENTRE,11732020399 - AUTRES,1173202039960 - BRIK,1590
663244268,B.Au Jus mangue BEYTI Pqt 23.5CL,1173 - LIQUIDES NON ALCOOLISES,1173202 - JUS DE FRUITS,117320203 - JUS DE FRUITS BASE CONCENTRE,11732020399 - AUTRES,1173202039960 - BRIK,1290
663244278,B.Au Jus mangue BEYTI Pqt 1L,1173 - LIQUIDES NON ALCOOLISES,1173202 - JUS DE FRUITS,117320203 - JUS DE FRUITS BASE CONCENTRE,11732020399 - AUTRES,1173202039960 - BRIK,6990
663244288,B.Au Jus orange BEYTI Pqt 1L,1173 - LIQUIDES NON ALCOOLISES,1173202 - JUS DE FRUITS,117320203 - JUS DE FRUITS BASE CONCENTRE,11732020399 - AUTRES,1173202039960 - BRIK,6990
663281687,B.Au Jus Cocktail Fruits TROPICO Pqt 1L,1173 - LIQUIDES NON ALCOOLISES,1173202 - JUS DE FRUITS,117320203 - JUS DE FRUITS BASE CONCENTRE,11732020399 - AUTRES,1173202039960 - BRIK,3190
663282967,B. AU JUS Cocktail Relax  DELICE pqt 75cl,1173 - LIQUIDES NON ALCOOLISES,1173202 - JUS DE FRUITS,117320203 - JUS DE FRUITS BASE CONCENTRE,11732020399 - AUTRES,1173202039960 - BRIK,2620
663283157,B.Au Jus Poire DELICE Pqt 1L,1173 - LIQUIDES NON ALCOOLISES,1173202 - JUS DE FRUITS,117320203 - JUS DE FRUITS BASE CONCENTRE,11732020399 - AUTRES,1173202039960 - BRIK,3120
663283167,B.Au Jus Peche DELICE Pqt 1L,1173 - LIQUIDES NON ALCOOLISES,1173202 - JUS DE FRUITS,117320203 - JUS DE FRUITS BASE CONCENTRE,11732020399 - AUTRES,1173202039960 - BRIK,2870
663283187,B.au jus Fruits Blancs DELICE Pqt 1L,1173 - LIQUIDES NON ALCOOLISES,1173202 - JUS DE FRUITS,117320203 - JUS DE FRUITS BASE CONCENTRE,11732020399 - AUTRES,1173202039960 - BRIK,2870
663283237,B.Au Jus MOJITO DELICE Pqt 1L,1173 - LIQUIDES NON ALCOOLISES,1173202 - JUS DE FRUITS,117320203 - JUS DE FRUITS BASE CONCENTRE,11732020399 - AUTRES,1173202039960 - BRIK,2870
663281447,B.Au Jus Banane Orange OH Pqt 25CL,1173 - LIQUIDES NON ALCOOLISES,1173202 - JUS DE FRUITS,117320203 - JUS DE FRUITS BASE CONCENTRE,11732020399 - AUTRES,1173202039961 - BRIKETTE,1220
663281667,B.Au Jus Cocktail Tropico Pqt 20CL,1173 - LIQUIDES NON ALCOOLISES,1173202 - JUS DE FRUITS,117320203 - JUS DE FRUITS BASE CONCENTRE,11732020399 - AUTRES,1173202039961 - BRIKETTE,790
663282797,B.Au Jus Poire DELICE Pqt 20CL,1173 - LIQUIDES NON ALCOOLISES,1173202 - JUS DE FRUITS,117320203 - JUS DE FRUITS BASE CONCENTRE,11732020399 - AUTRES,1173202039961 - BRIKETTE,870
663282897,B.Au Jus Cocktail STIL Pqt 20CL,1173 - LIQUIDES NON ALCOOLISES,1173202 - JUS DE FRUITS,117320203 - JUS DE FRUITS BASE CONCENTRE,11732020399 - AUTRES,1173202039961 - BRIKETTE,960
663282907,B.Au Jus Mangue STIL Pqt 20CL,1173 - LIQUIDES NON ALCOOLISES,1173202 - JUS DE FRUITS,117320203 - JUS DE FRUITS BASE CONCENTRE,11732020399 - AUTRES,1173202039961 - BRIKETTE,1000
663283287,B.Au Jus Tropical FRUZZY Pqt 19CL,1173 - LIQUIDES NON ALCOOLISES,1173202 - JUS DE FRUITS,117320203 - JUS DE FRUITS BASE CONCENTRE,11732020399 - AUTRES,1173202039961 - BRIKETTE,810
663283327,B.Au Jus Tropical FRUZZY Pqt 125ML,1173 - LIQUIDES NON ALCOOLISES,1173202 - JUS DE FRUITS,117320203 - JUS DE FRUITS BASE CONCENTRE,11732020399 - AUTRES,1173202039961 - BRIKETTE,580
663283827,B.Au Jus Orange Banane STIL Bnino Pqt 20CL,1173 - LIQUIDES NON ALCOOLISES,1173202 - JUS DE FRUITS,117320203 - JUS DE FRUITS BASE CONCENTRE,11732020399 - AUTRES,1173202039961 - BRIKETTE,1040
663201137,B.Au Jus au pulpe Coktail Fruits RANI Bte 24cl,1173 - LIQUIDES NON ALCOOLISES,1173202 - JUS DE FRUITS,117320203 - JUS DE FRUITS BASE CONCENTRE,11732020399 - AUTRES,1173202039962 - BOITE METAL INFERIEUR A 50CL,1990
663241577,B.Au Jus au pulpe Peche RANI  Bte 24cl,1173 - LIQUIDES NON ALCOOLISES,1173202 - JUS DE FRUITS,117320203 - JUS DE FRUITS BASE CONCENTRE,11732020399 - AUTRES,1173202039962 - BOITE METAL INFERIEUR A 50CL,1960
663241597,B.Au Jus au pulpe Fraise Banane RANI Bte 24cl,1173 - LIQUIDES NON ALCOOLISES,1173202 - JUS DE FRUITS,117320203 - JUS DE FRUITS BASE CONCENTRE,11732020399 - AUTRES,1173202039962 - BOITE METAL INFERIEUR A 50CL,1960
663241607,B.Au Jus au pulpe Mangue RANI Bte 24cl,1173 - LIQUIDES NON ALCOOLISES,1173202 - JUS DE FRUITS,117320203 - JUS DE FRUITS BASE CONCENTRE,11732020399 - AUTRES,1173202039962 - BOITE METAL INFERIEUR A 50CL,1960
663244168,Nectar ORANGE  GOZE Pqt 1L,1173 - LIQUIDES NON ALCOOLISES,1173202 - JUS DE FRUITS,117320205 - NECTAR DE FRUITS,11732020501 - ORANGE,1173202050160 - BRIK,9000
663283527,B.AU JUS ORANGE BRAVO PQT 1L,1173 - LIQUIDES NON ALCOOLISES,1173202 - JUS DE FRUITS,117320205 - NECTAR DE FRUITS,11732020501 - ORANGE,1173202050160 - BRIK,10990
663283557,B.AU JUS ORANGE ROUGE BRAVO PQT 1L,1173 - LIQUIDES NON ALCOOLISES,1173202 - JUS DE FRUITS,117320205 - NECTAR DE FRUITS,11732020501 - ORANGE,1173202050160 - BRIK,10990
663283567,B.AU JUS RAISIN ROUGE BRAVO PQT 1L,1173 - LIQUIDES NON ALCOOLISES,1173202 - JUS DE FRUITS,117320205 - NECTAR DE FRUITS,11732020507 - RAISIN,1173202050760 - BRIK,12290
663282947,Nectar Pomme verte DELICE pqt 75cl,1173 - LIQUIDES NON ALCOOLISES,1173202 - JUS DE FRUITS,117320205 - NECTAR DE FRUITS,11732020509 - POMME,1173202050960 - BRIK,2620
663283197,Nectar Tropical DELICE Pqt1L,1173 - LIQUIDES NON ALCOOLISES,1173202 - JUS DE FRUITS,117320205 - NECTAR DE FRUITS,11732020511 - EXOTIQUES,1173202051160 - BRIK,3120
663283707,Jus 100 Naturel Peche Natura Blle  75CL,1173 - LIQUIDES NON ALCOOLISES,1173202 - JUS DE FRUITS,117320205 - NECTAR DE FRUITS,11732020599 - AUTRES,1173202059957 - BOUTEILLE VERRE SUPERIEUR OU = A  50CL,8750
663244087,Nectar peche GOZE Pqt 1L,1173 - LIQUIDES NON ALCOOLISES,1173202 - JUS DE FRUITS,117320205 - NECTAR DE FRUITS,11732020599 - AUTRES,1173202059960 - BRIK,9000
663244158,Nectar MULTIFRUIT GOZE Pqt 1L,1173 - LIQUIDES NON ALCOOLISES,1173202 - JUS DE FRUITS,117320205 - NECTAR DE FRUITS,11732020599 - AUTRES,1173202059960 - BRIK,9000
663244228,Nectar mangue AL MARAI Pqt 1L,1173 - LIQUIDES NON ALCOOLISES,1173202 - JUS DE FRUITS,117320205 - NECTAR DE FRUITS,11732020599 - AUTRES,1173202059960 - BRIK,7000
663244238,Nectar orange AL MARAI Pqt 1L,1173 - LIQUIDES NON ALCOOLISES,1173202 - JUS DE FRUITS,117320205 - NECTAR DE FRUITS,11732020599 - AUTRES,1173202059960 - BRIK,7000
663244248,Nectar pomme AL MARAI Pqt 1L,1173 - LIQUIDES NON ALCOOLISES,1173202 - JUS DE FRUITS,117320205 - NECTAR DE FRUITS,11732020599 - AUTRES,1173202059960 - BRIK,7000
663280747,Nectar Poire OH Pqt 1L,1173 - LIQUIDES NON ALCOOLISES,1173202 - JUS DE FRUITS,117320205 - NECTAR DE FRUITS,11732020599 - AUTRES,1173202059960 - BRIK,3290
663283207,Nectar Mangue DELICE Pqt 1L,1173 - LIQUIDES NON ALCOOLISES,1173202 - JUS DE FRUITS,117320205 - NECTAR DE FRUITS,11732020599 - AUTRES,1173202059960 - BRIK,2870
663283217,Nectar MultiVitamine DELICE Pqt 1L,1173 - LIQUIDES NON ALCOOLISES,1173202 - JUS DE FRUITS,117320205 - NECTAR DE FRUITS,11732020599 - AUTRES,1173202059960 - BRIK,2870
663283537,B.AU JUS VITAMINE ACE BRAVO PQT 1L,1173 - LIQUIDES NON ALCOOLISES,1173202 - JUS DE FRUITS,117320205 - NECTAR DE FRUITS,11732020599 - AUTRES,1173202059960 - BRIK,10990
663283547,B.AU JUS MELON ANANAS BRAVO PQT 1L,1173 - LIQUIDES NON ALCOOLISES,1173202 - JUS DE FRUITS,117320205 - NECTAR DE FRUITS,11732020599 - AUTRES,1173202059960 - BRIK,12290
663283847,Nectar Dattes-Banane DELICE Pqt 75CL,1173 - LIQUIDES NON ALCOOLISES,1173202 - JUS DE FRUITS,117320205 - NECTAR DE FRUITS,11732020599 - AUTRES,1173202059960 - BRIK,2620
663282787,Nectar MultiVitamine DELICE Pqt 20CL,1173 - LIQUIDES NON ALCOOLISES,1173202 - JUS DE FRUITS,117320205 - NECTAR DE FRUITS,11732020599 - AUTRES,1173202059961 - BRIKETTE,870
663282807,Nectar Mangue DELICE Pqt 20CL,1173 - LIQUIDES NON ALCOOLISES,1173202 - JUS DE FRUITS,117320205 - NECTAR DE FRUITS,11732020599 - AUTRES,1173202059961 - BRIKETTE,870
663280767,Nectar Poire OH Pqt 25CL,1173 - LIQUIDES NON ALCOOLISES,1173202 - JUS DE FRUITS,117320205 - NECTAR DE FRUITS,11732020599 - AUTRES,1173202059962 - BOITE METAL INFERIEUR A 50CL,1250
663244298,B.Au Jus orange JUGO KIDS Pqt 125 ML,1173 - LIQUIDES NON ALCOOLISES,1173202 - JUS DE FRUITS,117320213 - BOISSONS AUX FRUITS PLATES,11732021311 - ORANGE,1173202131161 - BRICKETTE,650
663201687,B.AU JUS Smoothie healthy YUMY VERT 250ml,1173 - LIQUIDES NON ALCOOLISES,1173202 - JUS DE FRUITS,117320213 - BOISSONS AUX FRUITS PLATES,11732021399 - AUTRES,1173202139957 - BOUTEILLE VERRE SUPERIEUR A  50CL,2990
663201697,B.AU JUS Smoothie healthy YUMY MULTI FRUITS 250ml,1173 - LIQUIDES NON ALCOOLISES,1173202 - JUS DE FRUITS,117320213 - BOISSONS AUX FRUITS PLATES,11732021399 - AUTRES,1173202139957 - BOUTEILLE VERRE SUPERIEUR A  50CL,2990
663201707,B.AU JUS Smoothie healthy YUMY ROUGE 250ml,1173 - LIQUIDES NON ALCOOLISES,1173202 - JUS DE FRUITS,117320213 - BOISSONS AUX FRUITS PLATES,11732021399 - AUTRES,1173202139957 - BOUTEILLE VERRE SUPERIEUR A  50CL,2990
663201717,B.AU JUS Smoothie healthy YUMY ENERGIE 250ml,1173 - LIQUIDES NON ALCOOLISES,1173202 - JUS DE FRUITS,117320213 - BOISSONS AUX FRUITS PLATES,11732021399 - AUTRES,1173202139957 - BOUTEILLE VERRE SUPERIEUR A  50CL,2990
663244308,B.Au Jus Cocktail JUGO KIDS Pqt 125 ML,1173 - LIQUIDES NON ALCOOLISES,1173202 - JUS DE FRUITS,117320213 - BOISSONS AUX FRUITS PLATES,11732021399 - AUTRES,1173202139961 - BRICKETTE,650
663244318,B.Au Jus Poire JUGO KIDS Pqt 125 ML,1173 - LIQUIDES NON ALCOOLISES,1173202 - JUS DE FRUITS,117320213 - BOISSONS AUX FRUITS PLATES,11732021399 - AUTRES,1173202139961 - BRICKETTE,650
663283837,B.Au Jus FRUTTO Bnino STIL Pqt 20CL,1173 - LIQUIDES NON ALCOOLISES,1173202 - JUS DE FRUITS,117320213 - BOISSONS AUX FRUITS PLATES,11732021399 - AUTRES,1173202139961 - BRICKETTE,970
663701258,B.Concentre citron JAWHARA Pet 1L,1173 - LIQUIDES NON ALCOOLISES,1173204 - SIROPS ET CONCENTRES,117320401 - SIROPS BIDONS,11732040107 - CITRON,1173204010754 - BIDON SUPERIEUR OU = A 100CL,9290
663701278,B.Concentre fraise JAWHARA Pet 1L,1173 - LIQUIDES NON ALCOOLISES,1173204 - SIROPS ET CONCENTRES,117320401 - SIROPS BIDONS,11732040109 - FRAISE,1173204010954 - BIDON SUPERIEUR OU = A 100CL,9290
663701268,B.Concentre orgeat-citron JAWHARA Pet 1L,1173 - LIQUIDES NON ALCOOLISES,1173204 - SIROPS ET CONCENTRES,117320401 - SIROPS BIDONS,11732040199 - AUTRES,1173204019954 - BIDON SUPERIEUR OU = A 100CL,9290
663701288,B.Concentre cocktail JAWHARA Pet 1L,1173 - LIQUIDES NON ALCOOLISES,1173204 - SIROPS ET CONCENTRES,117320401 - SIROPS BIDONS,11732040199 - AUTRES,1173204019954 - BIDON SUPERIEUR OU = A 100CL,9290
663700118,Sirop Arome Menthe HAZEM Blle 1L,1173 - LIQUIDES NON ALCOOLISES,1173204 - SIROPS ET CONCENTRES,117320403 - SIROPS BOUTEILLE,11732040301 - MENTHE,1173204030157 - BOUTEILLE VERRE SUPERIEUR OU = A  50CL,12730
663700188,Sirop Menthe HAZEM Blle 90CL,1173 - LIQUIDES NON ALCOOLISES,1173204 - SIROPS ET CONCENTRES,117320403 - SIROPS BOUTEILLE,11732040301 - MENTHE,1173204030157 - BOUTEILLE VERRE SUPERIEUR OU = A  50CL,11000
663701168,Sirop Menthe JAWHARA Blle 1L,1173 - LIQUIDES NON ALCOOLISES,1173204 - SIROPS ET CONCENTRES,117320403 - SIROPS BOUTEILLE,11732040301 - MENTHE,1173204030157 - BOUTEILLE VERRE SUPERIEUR OU = A  50CL,9990
663201758,Sirop arom Toffee La Fruitiere Blle 700 ml,1173 - LIQUIDES NON ALCOOLISES,1173204 - SIROPS ET CONCENTRES,117320403 - SIROPS BOUTEILLE,11732040303 - GRENADINE,1173204030357 - BOUTEILLE VERRE SUPERIEUR OU = A  50CL,14990
663201768,Sirop arom Noisette La Fruitiere Blle 700 ml,1173 - LIQUIDES NON ALCOOLISES,1173204 - SIROPS ET CONCENTRES,117320403 - SIROPS BOUTEILLE,11732040303 - GRENADINE,1173204030357 - BOUTEILLE VERRE SUPERIEUR OU = A  50CL,15790
663201778,Sirop arom Mojito La Fruitiere Blle 700 ml,1173 - LIQUIDES NON ALCOOLISES,1173204 - SIROPS ET CONCENTRES,117320403 - SIROPS BOUTEILLE,11732040303 - GRENADINE,1173204030357 - BOUTEILLE VERRE SUPERIEUR OU = A  50CL,21490
663201788,Sirop arom Citron Vert La Fruitiere Blle 700 ml,1173 - LIQUIDES NON ALCOOLISES,1173204 - SIROPS ET CONCENTRES,117320403 - SIROPS BOUTEILLE,11732040303 - GRENADINE,1173204030357 - BOUTEILLE VERRE SUPERIEUR OU = A  50CL,18490
663700098,Sirop Arome Grenadine HAZEM Blle 1L,1173 - LIQUIDES NON ALCOOLISES,1173204 - SIROPS ET CONCENTRES,117320403 - SIROPS BOUTEILLE,11732040303 - GRENADINE,1173204030357 - BOUTEILLE VERRE SUPERIEUR OU = A  50CL,12730
663701178,Sirop grenadine JAWHARA Blle 1L,1173 - LIQUIDES NON ALCOOLISES,1173204 - SIROPS ET CONCENTRES,117320403 - SIROPS BOUTEILLE,11732040303 - GRENADINE,1173204030357 - BOUTEILLE VERRE SUPERIEUR OU = A  50CL,9990
663701327,Sirop arom Curacao LA FRUITIERE Blle 700 ml,1173 - LIQUIDES NON ALCOOLISES,1173204 - SIROPS ET CONCENTRES,117320403 - SIROPS BOUTEILLE,11732040303 - GRENADINE,1173204030357 - BOUTEILLE VERRE SUPERIEUR OU = A  50CL,20610
663701337,Sirop arom Kiwi Melon Citron La Fruitere Blle 700,1173 - LIQUIDES NON ALCOOLISES,1173204 - SIROPS ET CONCENTRES,117320403 - SIROPS BOUTEILLE,11732040303 - GRENADINE,1173204030357 - BOUTEILLE VERRE SUPERIEUR OU = A  50CL,22720
663701347,Sirop arom Peche LA FRUITIERE Blle 700 ml,1173 - LIQUIDES NON ALCOOLISES,1173204 - SIROPS ET CONCENTRES,117320403 - SIROPS BOUTEILLE,11732040303 - GRENADINE,1173204030357 - BOUTEILLE VERRE SUPERIEUR OU = A  50CL,17440
663701357,Sirop arom Menthe LA FRUITIERE Blle 700 ml,1173 - LIQUIDES NON ALCOOLISES,1173204 - SIROPS ET CONCENTRES,117320403 - SIROPS BOUTEILLE,11732040303 - GRENADINE,1173204030357 - BOUTEILLE VERRE SUPERIEUR OU = A  50CL,15530
663701367,Sirop arom Vanille LA FRUITIERE Blle 700 ml,1173 - LIQUIDES NON ALCOOLISES,1173204 - SIROPS ET CONCENTRES,117320403 - SIROPS BOUTEILLE,11732040303 - GRENADINE,1173204030357 - BOUTEILLE VERRE SUPERIEUR OU = A  50CL,23780
663701377,Sirop arom Pinacolada LA FRUITIERE Blle 700 ml,1173 - LIQUIDES NON ALCOOLISES,1173204 - SIROPS ET CONCENTRES,117320403 - SIROPS BOUTEILLE,11732040303 - GRENADINE,1173204030357 - BOUTEILLE VERRE SUPERIEUR OU = A  50CL,19550
663700108,Sirop Arome Fraise HAZEM Blle 1L,1173 - LIQUIDES NON ALCOOLISES,1173204 - SIROPS ET CONCENTRES,117320403 - SIROPS BOUTEILLE,11732040309 - FRAISE,1173204030957 - BOUTEILLE VERRE SUPERIEUR OU = A  50CL,12370
663700168,Sirop Amande HAZEM Blle 90CL,1173 - LIQUIDES NON ALCOOLISES,1173204 - SIROPS ET CONCENTRES,117320403 - SIROPS BOUTEILLE,11732040321 - ORGEAT,1173204032157 - BOUTEILLE VERRE SUPERIEUR OU = A  50CL,23000
663701188,Sirop orgeat JAWHARA Blle 1L,1173 - LIQUIDES NON ALCOOLISES,1173204 - SIROPS ET CONCENTRES,117320403 - SIROPS BOUTEILLE,11732040321 - ORGEAT,1173204032157 - BOUTEILLE VERRE SUPERIEUR OU = A  50CL,6890
663500048,B.Concentre fruits kiwi HAZEM Pet 1L,1173 - LIQUIDES NON ALCOOLISES,1173204 - SIROPS ET CONCENTRES,117320403 - SIROPS BOUTEILLE,11732040399 - AUTRES,1173204039936 - AUTRES,9490
663500058,B.Concentre citron et menthe HAZEM Pet 1L,1173 - LIQUIDES NON ALCOOLISES,1173204 - SIROPS ET CONCENTRES,117320403 - SIROPS BOUTEILLE,11732040399 - AUTRES,1173204039936 - AUTRES,6990
663700068,Sirop Arome Pistache HAZEM Blle 1L,1173 - LIQUIDES NON ALCOOLISES,1173204 - SIROPS ET CONCENTRES,117320403 - SIROPS BOUTEILLE,11732040399 - AUTRES,1173204039957 - BOUTEILLE VERRE SUPERIEUR OU = A  50CL,12730
663700078,Sirop Arome Orgeat HAZEM Blle 1L,1173 - LIQUIDES NON ALCOOLISES,1173204 - SIROPS ET CONCENTRES,117320403 - SIROPS BOUTEILLE,11732040399 - AUTRES,1173204039957 - BOUTEILLE VERRE SUPERIEUR OU = A  50CL,13220
663700178,Sirop Pistache  HAZEM Blle 1L,1173 - LIQUIDES NON ALCOOLISES,1173204 - SIROPS ET CONCENTRES,117320403 - SIROPS BOUTEILLE,11732040399 - AUTRES,1173204039957 - BOUTEILLE VERRE SUPERIEUR OU = A  50CL,28880
663701198,Sirop pistache JAWHARA Blle 1L,1173 - LIQUIDES NON ALCOOLISES,1173204 - SIROPS ET CONCENTRES,117320403 - SIROPS BOUTEILLE,11732040399 - AUTRES,1173204039957 - BOUTEILLE VERRE SUPERIEUR OU = A  50CL,6890
663701208,Sirop Chocolat JAWHARA Blle 0.75L,1173 - LIQUIDES NON ALCOOLISES,1173204 - SIROPS ET CONCENTRES,117320403 - SIROPS BOUTEILLE,11732040399 - AUTRES,1173204039957 - BOUTEILLE VERRE SUPERIEUR OU = A  50CL,12290
663701218,Sirop caramel JAWHARA Blle 0.75L,1173 - LIQUIDES NON ALCOOLISES,1173204 - SIROPS ET CONCENTRES,117320403 - SIROPS BOUTEILLE,11732040399 - AUTRES,1173204039957 - BOUTEILLE VERRE SUPERIEUR OU = A  50CL,12290
663701228,Sirop vanille JAWHARA Blle 0.75L,1173 - LIQUIDES NON ALCOOLISES,1173204 - SIROPS ET CONCENTRES,117320403 - SIROPS BOUTEILLE,11732040399 - AUTRES,1173204039957 - BOUTEILLE VERRE SUPERIEUR OU = A  50CL,8490
663701238,Sirop cerise JAWHARA Blle 0.75L,1173 - LIQUIDES NON ALCOOLISES,1173204 - SIROPS ET CONCENTRES,117320403 - SIROPS BOUTEILLE,11732040399 - AUTRES,1173204039957 - BOUTEILLE VERRE SUPERIEUR OU = A  50CL,12290
663701248,Sirop framboise JAWHARA Blle 0.75L,1173 - LIQUIDES NON ALCOOLISES,1173204 - SIROPS ET CONCENTRES,117320403 - SIROPS BOUTEILLE,11732040399 - AUTRES,1173204039957 - BOUTEILLE VERRE SUPERIEUR OU = A  50CL,8490
663500078,B.Concentre  Orange HAZEM Pet 1L,1173 - LIQUIDES NON ALCOOLISES,1173204 - SIROPS ET CONCENTRES,117320405 - CONCENTRES SUCRES,11732040501 - ORANGE,1173204050136 - AUTRES,9490
663500808,B.Concentre  Citron HAZEM Pet 1L,1173 - LIQUIDES NON ALCOOLISES,1173204 - SIROPS ET CONCENTRES,117320405 - CONCENTRES SUCRES,11732040503 - CITRON,1173204050336 - AUTRES,9490
663501268,B.Concentre Citron HAZEM Bidon 4L,1173 - LIQUIDES NON ALCOOLISES,1173204 - SIROPS ET CONCENTRES,117320405 - CONCENTRES SUCRES,11732040503 - CITRON,1173204050336 - AUTRES,27900
663500068,B.Concentre  Peche HAZEM Pet 1L,1173 - LIQUIDES NON ALCOOLISES,1173204 - SIROPS ET CONCENTRES,117320405 - CONCENTRES SUCRES,11732040599 - AUTRES,1173204059936 - AUTRES,8290
663500097,B.Concentre Ananas HAZEM Pet 1L,1173 - LIQUIDES NON ALCOOLISES,1173204 - SIROPS ET CONCENTRES,117320405 - CONCENTRES SUCRES,11732040599 - AUTRES,1173204059936 - AUTRES,9490
663500758,B.Concentre Arome Pistache HAZEM Pet 1L,1173 - LIQUIDES NON ALCOOLISES,1173204 - SIROPS ET CONCENTRES,117320405 - CONCENTRES SUCRES,11732040599 - AUTRES,1173204059936 - AUTRES,10850
663500768,B.Concentre Arome Orgeat HAZEM Pet 1L,1173 - LIQUIDES NON ALCOOLISES,1173204 - SIROPS ET CONCENTRES,117320405 - CONCENTRES SUCRES,11732040599 - AUTRES,1173204059936 - AUTRES,10850
663500788,B.Concentre Arome Menthe HAZEM Pet 1L,1173 - LIQUIDES NON ALCOOLISES,1173204 - SIROPS ET CONCENTRES,117320405 - CONCENTRES SUCRES,11732040599 - AUTRES,1173204059936 - AUTRES,10850
663500798,B.Concentre Arome Grenadine HAZEM Pet 1L,1173 - LIQUIDES NON ALCOOLISES,1173204 - SIROPS ET CONCENTRES,117320405 - CONCENTRES SUCRES,11732040599 - AUTRES,1173204059936 - AUTRES,10850
663500818,B.Concentre  Citron Amande HAZEM Pet 1L,1173 - LIQUIDES NON ALCOOLISES,1173204 - SIROPS ET CONCENTRES,117320405 - CONCENTRES SUCRES,11732040599 - AUTRES,1173204059936 - AUTRES,9490
663501008,B.Concentre Fraise HAZEM Pet 1L,1173 - LIQUIDES NON ALCOOLISES,1173204 - SIROPS ET CONCENTRES,117320405 - CONCENTRES SUCRES,11732040599 - AUTRES,1173204059936 - AUTRES,9490
663501208,B.Concentre Cocktail HAZEM Pet 1L,1173 - LIQUIDES NON ALCOOLISES,1173204 - SIROPS ET CONCENTRES,117320405 - CONCENTRES SUCRES,11732040599 - AUTRES,1173204059936 - AUTRES,9490
663501308,B.Concentre fraise HAZEM Bidon 4L,1173 - LIQUIDES NON ALCOOLISES,1173204 - SIROPS ET CONCENTRES,117320405 - CONCENTRES SUCRES,11732040599 - AUTRES,1173204059936 - AUTRES,26500
660081487,Eau de source MIRA Pet 0.95L,1173 - LIQUIDES NON ALCOOLISES,1173205 - EAUX,117320501 - EAUX DE SOURCE PLATES,11732050103 - UN LITRE ET PLUS,1173205010336 - AUTRES,670
660080156,Eau de Source JEKTISS Pet 1L,1173 - LIQUIDES NON ALCOOLISES,1173205 - EAUX,117320501 - EAUX DE SOURCE PLATES,11732050103 - UN LITRE ET PLUS,1173205010358 - 100CL ET PLUS,650
660080017,"Eau Minerale MARWA Pet 0,5L",1173 - LIQUIDES NON ALCOOLISES,1173205 - EAUX,117320505 - EAUX MINERALES PLATES,11732050501 - MOINS D UN LITRE,1173205050156 - JUSQU A 50CL,410
660080147,"Eau Minerale AQUALINE Pet 0,5L",1173 - LIQUIDES NON ALCOOLISES,1173205 - EAUX,117320505 - EAUX MINERALES PLATES,11732050501 - MOINS D UN LITRE,1173205050156 - JUSQU A 50CL,420
660080197,"Eau Minerale SAFIA Pet 0,5L",1173 - LIQUIDES NON ALCOOLISES,1173205 - EAUX,117320505 - EAUX MINERALES PLATES,11732050501 - MOINS D UN LITRE,1173205050156 - JUSQU A 50CL,440
660080437,"EAU DE Minerale MELLITI PET 0,5L",1173 - LIQUIDES NON ALCOOLISES,1173205 - EAUX,117320505 - EAUX MINERALES PLATES,11732050501 - MOINS D UN LITRE,1173205050156 - JUSQU A 50CL,430
660081137,"Eau Minerale PALMA Pet 0,5L",1173 - LIQUIDES NON ALCOOLISES,1173205 - EAUX,117320505 - EAUX MINERALES PLATES,11732050501 - MOINS D UN LITRE,1173205050156 - JUSQU A 50CL,530
660081197,"Eau Minerale CRISTALINE Pet 0,5L",1173 - LIQUIDES NON ALCOOLISES,1173205 - EAUX,117320505 - EAUX MINERALES PLATES,11732050501 - MOINS D UN LITRE,1173205050156 - JUSQU A 50CL,450
660081367,Eau Minerale TIJEN Pet 0.5L,1173 - LIQUIDES NON ALCOOLISES,1173205 - EAUX,117320505 - EAUX MINERALES PLATES,11732050501 - MOINS D UN LITRE,1173205050156 - JUSQU A 50CL,460
660081377,EAU MINERALE PET 2L MIRA,1173 - LIQUIDES NON ALCOOLISES,1173205 - EAUX,117320505 - EAUX MINERALES PLATES,11732050501 - MOINS D UN LITRE,1173205050156 - JUSQU A 50CL,770
660081387,EAU MINERALE PET 1.5L MIRA,1173 - LIQUIDES NON ALCOOLISES,1173205 - EAUX,117320505 - EAUX MINERALES PLATES,11732050501 - MOINS D UN LITRE,1173205050156 - JUSQU A 50CL,700
660081397,EAU MINERALE PET 0.6L MIRA,1173 - LIQUIDES NON ALCOOLISES,1173205 - EAUX,117320505 - EAUX MINERALES PLATES,11732050501 - MOINS D UN LITRE,1173205050156 - JUSQU A 50CL,440
660081467,Eau min\00E9rale DELICE Pet 1.5L,1173 - LIQUIDES NON ALCOOLISES,1173205 - EAUX,117320505 - EAUX MINERALES PLATES,11732050501 - MOINS D UN LITRE,1173205050156 - JUSQU A 50CL,670
660081477,Eau min\00E9rale DELICE Pet 0.5L,1173 - LIQUIDES NON ALCOOLISES,1173205 - EAUX,117320505 - EAUX MINERALES PLATES,11732050501 - MOINS D UN LITRE,1173205050156 - JUSQU A 50CL,410
660080087,Eau Minerale GARCI Pet 1L,1173 - LIQUIDES NON ALCOOLISES,1173205 - EAUX,117320505 - EAUX MINERALES PLATES,11732050503 - UN LITRE ET PLUS,1173205050358 - 100CL ET PLUS,680
660080108,Eau Minerale JANNET Pet 2L,1173 - LIQUIDES NON ALCOOLISES,1173205 - EAUX,117320505 - EAUX MINERALES PLATES,11732050503 - UN LITRE ET PLUS,1173205050358 - 100CL ET PLUS,850
660080127,"Eau Minerale AQUALINE Pet 1,5L",1173 - LIQUIDES NON ALCOOLISES,1173205 - EAUX,117320505 - EAUX MINERALES PLATES,11732050503 - UN LITRE ET PLUS,1173205050358 - 100CL ET PLUS,630
660080137,Eau Minerale AQUALINE Pet 2L,1173 - LIQUIDES NON ALCOOLISES,1173205 - EAUX,117320505 - EAUX MINERALES PLATES,11732050503 - UN LITRE ET PLUS,1173205050358 - 100CL ET PLUS,910
660080207,"Eau Minerale SAFIA Pet 1,5L",1173 - LIQUIDES NON ALCOOLISES,1173205 - EAUX,117320505 - EAUX MINERALES PLATES,11732050503 - UN LITRE ET PLUS,1173205050358 - 100CL ET PLUS,660
660080227,"Eau Minerale SABRINE Pet 1,5L",1173 - LIQUIDES NON ALCOOLISES,1173205 - EAUX,117320505 - EAUX MINERALES PLATES,11732050503 - UN LITRE ET PLUS,1173205050358 - 100CL ET PLUS,630
660080287,"Eau Minerale FOURAT Pet 1,5L",1173 - LIQUIDES NON ALCOOLISES,1173205 - EAUX,117320505 - EAUX MINERALES PLATES,11732050503 - UN LITRE ET PLUS,1173205050358 - 100CL ET PLUS,670
660080317,Eau Minerale FOURAT Pet 2L,1173 - LIQUIDES NON ALCOOLISES,1173205 - EAUX,117320505 - EAUX MINERALES PLATES,11732050503 - UN LITRE ET PLUS,1173205050358 - 100CL ET PLUS,1000
660080337,Eau Minerale MARWA Pet 2L,1173 - LIQUIDES NON ALCOOLISES,1173205 - EAUX,117320505 - EAUX MINERALES PLATES,11732050503 - UN LITRE ET PLUS,1173205050358 - 100CL ET PLUS,880
660080347,"Eau Minerale MARWA Pet 1,5L",1173 - LIQUIDES NON ALCOOLISES,1173205 - EAUX,117320505 - EAUX MINERALES PLATES,11732050503 - UN LITRE ET PLUS,1173205050358 - 100CL ET PLUS,650
660080387,Eau Minerale DIMA Pet 2 L,1173 - LIQUIDES NON ALCOOLISES,1173205 - EAUX,117320505 - EAUX MINERALES PLATES,11732050503 - UN LITRE ET PLUS,1173205050358 - 100CL ET PLUS,900
660080417,Eau de Minerale MELLITI PET 1.5L,1173 - LIQUIDES NON ALCOOLISES,1173205 - EAUX,117320505 - EAUX MINERALES PLATES,11732050503 - UN LITRE ET PLUS,1173205050358 - 100CL ET PLUS,730
660081147,"Eau Minerale PALMA Pet 1,5",1173 - LIQUIDES NON ALCOOLISES,1173205 - EAUX,117320505 - EAUX MINERALES PLATES,11732050503 - UN LITRE ET PLUS,1173205050358 - 100CL ET PLUS,820
660081157,Eau Minerale PALMA Pet 2L,1173 - LIQUIDES NON ALCOOLISES,1173205 - EAUX,117320505 - EAUX MINERALES PLATES,11732050503 - UN LITRE ET PLUS,1173205050358 - 100CL ET PLUS,970
660081187,"Eau Minerale CRISTALINE Pet 1,5L",1173 - LIQUIDES NON ALCOOLISES,1173205 - EAUX,117320505 - EAUX MINERALES PLATES,11732050503 - UN LITRE ET PLUS,1173205050358 - 100CL ET PLUS,650
660081247,Eau Minerale CRISTALINE Pet 1L,1173 - LIQUIDES NON ALCOOLISES,1173205 - EAUX,117320505 - EAUX MINERALES PLATES,11732050503 - UN LITRE ET PLUS,1173205050358 - 100CL ET PLUS,580
660081297,Eau Minerale PRIMAQUA 6L,1173 - LIQUIDES NON ALCOOLISES,1173205 - EAUX,117320505 - EAUX MINERALES PLATES,11732050503 - UN LITRE ET PLUS,1173205050358 - 100CL ET PLUS,2190
660081337,Eau Minerale CRISTALINE Pet 2 L,1173 - LIQUIDES NON ALCOOLISES,1173205 - EAUX,117320505 - EAUX MINERALES PLATES,11732050503 - UN LITRE ET PLUS,1173205050358 - 100CL ET PLUS,830
660081357,Eau Minerale TIJEN Pet 1.5L,1173 - LIQUIDES NON ALCOOLISES,1173205 - EAUX,117320505 - EAUX MINERALES PLATES,11732050503 - UN LITRE ET PLUS,1173205050358 - 100CL ET PLUS,690
660081407,EAU MINERALE PET 0 5L DENYA,1173 - LIQUIDES NON ALCOOLISES,1173205 - EAUX,117320505 - EAUX MINERALES PLATES,11732050503 - UN LITRE ET PLUS,1173205050358 - 100CL ET PLUS,450
660081457,Eau minerale Aqualine Pet 1L,1173 - LIQUIDES NON ALCOOLISES,1173205 - EAUX,117320505 - EAUX MINERALES PLATES,11732050503 - UN LITRE ET PLUS,1173205050358 - 100CL ET PLUS,620
660580156,"Eau gazi JEKTISS Pet 0,5L",1173 - LIQUIDES NON ALCOOLISES,1173205 - EAUX,117320507 - EAUX MINERALES GAZEUSES,11732050701 - MOINS D UN LITRE,1173205070156 - JUSQU A 50CL,480
660580017,Eau gazi GARCI Pet 1L,1173 - LIQUIDES NON ALCOOLISES,1173205 - EAUX,117320507 - EAUX MINERALES GAZEUSES,11732050703 - UN LITRE ET PLUS,1173205070358 - 100CL ET PLUS,640
660580106,Eau gazi JEKTISS Pet 1L,1173 - LIQUIDES NON ALCOOLISES,1173205 - EAUX,117320507 - EAUX MINERALES GAZEUSES,11732050703 - UN LITRE ET PLUS,1173205070358 - 100CL ET PLUS,670
660580217,Eau gazi Poire Delice DELIO 250ML,1173 - LIQUIDES NON ALCOOLISES,1173205 - EAUX,117320511 - EAUX GAZEUSES AROMATISEES,11732051199 - AUTRES,1173205119956 - JUSQU A 50CL,930
660580227,Eau gazi Menthe Delice DELIO 250ML,1173 - LIQUIDES NON ALCOOLISES,1173205 - EAUX,117320511 - EAUX GAZEUSES AROMATISEES,11732051199 - AUTRES,1173205119956 - JUSQU A 50CL,900
660580237,Eau gazi Pomme Delice DELIO 250ML,1173 - LIQUIDES NON ALCOOLISES,1173205 - EAUX,117320511 - EAUX GAZEUSES AROMATISEES,11732051199 - AUTRES,1173205119956 - JUSQU A 50CL,930
660580247,Eau gazi Peche Delice DELIO 250ML,1173 - LIQUIDES NON ALCOOLISES,1173205 - EAUX,117320511 - EAUX GAZEUSES AROMATISEES,11732051199 - AUTRES,1173205119956 - JUSQU A 50CL,880
660580427,Eau gazi ANANAS Delice DELIO 250ML,1173 - LIQUIDES NON ALCOOLISES,1173205 - EAUX,117320511 - EAUX GAZEUSES AROMATISEES,11732051199 - AUTRES,1173205119956 - JUSQU A 50CL,930
660580467,Eau gazi fraise Delice DELIO 250ML,1173 - LIQUIDES NON ALCOOLISES,1173205 - EAUX,117320511 - EAUX GAZEUSES AROMATISEES,11732051199 - AUTRES,1173205119956 - JUSQU A 50CL,900
662080397,EAU GAZI PECHE ABRICOT BOGA PET 30CL,1173 - LIQUIDES NON ALCOOLISES,1173205 - EAUX,117320511 - EAUX GAZEUSES AROMATISEES,11732051199 - AUTRES,1173205119956 - JUSQU A 50CL,1200
662080407,EAU GAZI FRUIT ROUGE BOGA PET 30CL,1173 - LIQUIDES NON ALCOOLISES,1173205 - EAUX,117320511 - EAUX GAZEUSES AROMATISEES,11732051199 - AUTRES,1173205119956 - JUSQU A 50CL,1200
